Id,V162030,V162095,V162096,V162097,V162098,V162099,V162100,V162101,V162102,V162103,V162104,V162105,V162106,V162107,V162108,V162109,V162110,V162111,V162112,V162113
1308,0,100,85,100,85,100,50,85,85,50,70,85,50,100,85,85,100,50,100,50
1309,0,40,85,85,70,60,30,40,50,50,30,50,50,50,50,15,85,50,85,100
1310,0,15,70,70,60,70,40,50,70,85,30,40,60,50,85,15,70,85,100,70
1311,0,40,60,100,50,100,85,50,40,50,1,100,50,50,100,1,70,50,100,100
1312,0,50,1,1,1,100,50,100,50,50,30,50,50,100,100,100,100,40,1,1
1313,0,1,50,1,50,50,70,85,50,1,50,50,1,1,50,50,100,1,50,1
1314,0,60,50,50,50,70,40,50,50,50,40,30,50,50,50,50,85,50,70,50
1315,1,50,100,50,100,50,50,70,50,100,30,40,50,100,100,15,100,50,50,50
1316,0,70,51,71,61,71,71,42,61,50,60,61,40,99,69,51,51,51,61,60
1317,0,16,50,59,42,84,59,84,61,71,50,52,71,60,60,52,84,59,97,40
1318,0,20,50,60,50,60,35,40,60,50,15,50,50,70,75,10,70,30,80,35
1319,0,15,85,60,60,85,60,30,70,70,50,60,70,70,70,998,85,70,85,60
1320,0,94,3,50,80,70,48,30,61,4,46,2,49,100,80,32,100,3,68,60
1321,0,15,50,50,50,50,40,50,60,50,15,60,60,50,60,1,70,50,70,40
1322,0,50,50,0,70,70,40,50,50,50,50,15,50,70,50,50,70,50,70,15
1323,0,99,51,17,51,85,70,99,62,60,60,85,61,99,100,99,100,40,71,1
1324,0,1,100,85,60,100,1,1,40,100,1,50,85,15,100,1,85,100,85,70
1325,0,50,75,50,75,75,30,50,50,100,50,30,85,50,100,50,50,100,85,50
1326,0,999,50,50,40,60,30,50,60,50,50,50,50,70,60,50,70,40,50,30
1327,0,1,50,40,59,0,61,97,58,99,61,50,62,30,0,0,98,98,0,1
1328,0,50,50,50,70,60,40,50,50,50,50,40,50,60,50,50,70,50,70,50
1329,0,50,50,70,85,100,85,70,85,85,40,85,100,100,100,40,85,85,85,85
1330,0,10,100,85,85,100,60,40,60,100,5,50,80,50,80,1,75,100,100,90
1331,0,15,85,85,100,100,15,15,85,100,30,40,100,100,100,1,70,100,100,100
1332,0,100,15,40,70,85,60,70,0,50,40,50,50,100,70,70,60,50,30,40
1333,0,50,50,50,50,70,50,50,60,50,60,50,50,70,70,50,70,50,50,40
1334,0,50,15,20,25,50,60,75,40,50,10,50,50,75,50,75,90,50,50,15
1335,0,50,1,15,1,85,60,85,60,50,40,60,15,85,85,70,85,15,70,1
1336,0,15,85,70,70,60,50,40,60,85,60,60,85,70,85,15,85,85,85,85
1337,0,61,100,100,98,100,47,61,100,100,29,70,100,100,100,27,96,100,100,100
1338,0,50,50,50,50,70,50,50,50,50,50,50,50,50,50,50,1,50,50,50
1339,0,15,1,30,100,50,1,60,15,100,15,15,30,50,15,1,100,100,50,1
1340,0,85,60,70,50,70,40,70,70,100,70,60,85,100,100,60,70,85,85,85
1341,0,1,18,50,53,66,50,53,59,57,2,52,60,52,49,1,63,59,100,62
1342,0,71,51,61,63,86,44,52,51,51,52,52,52,100,73,41,88,31,71,51
1343,0,30,1,85,1,50,70,1,70,100,60,60,998,50,50,15,85,50,100,50
1344,0,100,30,15,15,50,50,70,40,40,30,50,50,100,70,60,85,30,50,1
1345,0,51,53,95,97,71,96,49,96,1,50,49,1,52,51,96,98,1,51,48
1346,0,51,51,53,51,51,76,76,41,87,3,61,52,93,51,32,100,51,100,9
1347,0,50,100,85,50,100,50,50,60,100,30,50,50,100,50,50,40,100,50,100
1348,0,40,70,70,998,70,60,40,60,50,70,85,998,70,998,50,85,998,70,40
1349,0,100,60,51,51,99,51,61,50,50,60,51,51,100,51,51,61,51,86,100
1350,0,58,60,64,64,76,35,73,83,76,77,31,58,81,82,77,76,74,77,11
1351,0,40,85,60,60,85,30,50,70,60,50,70,70,70,85,50,50,60,85,85
1352,0,30,30,20,85,60,1,40,40,60,40,1,40,60,70,100,60,40,85,60
1353,0,50,50,50,60,70,60,70,85,70,70,50,50,85,50,50,50,60,70,50
1354,0,50,50,50,60,60,40,50,50,50,30,30,50,50,50,50,85,50,50,50
1355,0,30,100,70,60,65,25,30,65,70,15,40,50,50,55,15,80,80,100,80
1356,0,60,31,1,31,60,51,85,31,69,16,51,16,70,84,60,85,51,70,1
1357,0,85,30,15,30,85,70,100,40,50,15,85,60,100,100,60,100,40,85,60
1358,0,1,85,100,50,40,40,1,90,100,30,75,50,10,100,1,85,85,100,70
1359,0,1,100,100,85,100,40,15,60,100,15,30,100,30,100,1,100,100,100,85
1360,0,28,72,85,99,69,23,54,69,100,53,52,85,48,93,11,83,93,98,49
1361,0,80,30,50,998,998,75,75,75,998,60,998,50,75,998,80,80,998,90,20
1362,0,36,87,75,72,85,48,14,68,68,61,46,67,93,98,1,49,70,80,98
1363,0,50,100,100,100,100,30,1,50,100,50,50,100,70,50,1,100,100,100,100
1364,0,15,70,70,60,50,50,40,60,50,1,30,50,50,50,15,70,50,85,30
1365,0,1,80,85,85,70,1,20,70,80,1,10,75,50,75,1,50,75,70,75
1366,0,85,40,86,85,85,85,70,85,40,71,85,87,100,70,85,85,30,70,100
1367,0,85,15,50,50,50,40,40,60,85,40,30,50,100,85,40,70,50,70,50
1368,0,998,50,70,40,85,85,85,70,85,50,85,50,85,85,70,85,998,85,30
1369,0,100,50,50,70,100,85,100,100,100,70,100,100,100,50,50,100,100,100,100
1370,0,50,40,60,30,100,60,70,50,60,40,70,70,100,100,50,85,60,100,40
1371,0,16,3,63,62,44,18,18,63,73,1,5,88,13,69,1,72,74,96,44
1372,0,998,85,85,85,85,70,60,70,70,60,60,50,85,70,30,85,70,100,999
1373,0,15,50,50,50,60,70,30,40,50,1,50,50,15,50,1,60,50,85,50
1374,0,85,85,60,50,100,70,100,70,85,50,50,60,100,100,50,85,85,100,85
1375,0,50,50,40,30,50,70,85,60,50,17,70,30,50,50,70,50,15,1,1
1376,0,0,85,40,85,100,60,50,50,85,15,100,70,85,100,0,100,85,85,85
1377,0,85,50,50,70,100,70,70,100,50,85,60,15,100,70,85,100,50,100,60
1378,0,1,74,80,99,62,55,30,73,65,39,60,61,1,59,85,61,63,93,74
1379,0,85,85,85,85,85,85,40,85,60,50,50,85,100,60,50,85,50,100,85
1380,0,50,85,85,50,100,50,1,70,100,1,50,100,85,100,1,85,85,85,100
1381,0,15,85,85,60,100,30,30,70,100,40,50,85,50,100,1,60,85,85,60
1382,0,40,70,70,60,50,40,50,60,85,40,50,60,85,85,30,85,85,70,60
1383,0,50,49,16,15,59,62,60,50,40,1,39,1,49,61,61,70,15,51,16
1384,0,50,50,30,50,50,50,50,50,31,50,50,41,50,50,50,65,30,50,16
1385,4,51,32,50,16,60,17,62,33,62,50,62,62,87,71,18,85,60,42,86
1386,0,40,40,60,60,100,70,40,60,50,50,30,100,85,100,15,60,100,100,30
1387,0,1,77,71,71,50,14,51,69,77,14,50,49,51,52,1,69,51,91,68
1388,0,1,70,80,60,80,1,10,50,90,25,60,80,25,70,1,40,100,90,90
1389,0,50,70,70,70,85,85,60,70,50,70,50,40,85,50,50,70,40,100,60
1390,0,100,50,50,50,100,85,85,85,50,70,0,50,100,85,85,100,50,50,1
1391,0,85,85,1,40,85,60,40,30,1,60,50,40,100,100,30,70,1,60,50
1392,0,40,70,50,85,50,15,30,85,50,50,50,50,100,100,15,85,50,100,60
1393,0,15,100,85,100,100,100,60,60,50,70,85,15,15,85,70,85,50,40,1
1394,0,30,50,50,50,50,50,50,50,50,50,50,50,50,50,30,10,50,50,50
1395,0,1,85,85,85,85,40,15,85,70,30,50,85,70,85,1,70,60,100,85
1396,0,30,40,40,50,60,50,60,60,50,40,70,60,50,50,15,85,50,100,15
1397,0,1,61,70,60,69,50,17,61,71,1,50,70,50,70,15,70,84,84,56
1398,0,40,90,95,75,85,60,70,100,100,75,90,60,100,100,40,100,100,100,10
1399,0,40,100,60,70,60,40,60,60,50,40,85,50,70,70,40,70,50,100,30
1400,0,86,31,1,41,87,61,85,33,1,62,51,1,100,98,71,85,1,71,41
1401,0,62,2,48,46,48,0,7,93,2,30,7,50,95,50,3,92,19,66,91
1402,0,60,85,40,50,70,85,85,60,50,60,70,50,85,70,85,85,50,85,50
1403,0,50,50,50,60,50,50,50,50,50,40,50,50,50,50,50,50,50,70,50
1404,0,1,50,85,60,70,60,1,30,50,15,50,15,1,50,30,70,50,85,60
1405,0,30,30,85,50,60,30,15,60,30,15,50,40,85,60,1,70,40,50,30
1406,0,85,85,85,70,100,70,30,40,50,40,40,50,100,50,1,85,50,70,100
1407,0,40,15,60,0,30,30,0,40,85,40,15,50,15,60,50,85,1,100,40
1408,0,85,30,1,15,100,60,85,40,1,40,85,70,100,85,85,85,1,70,1
1409,0,1,85,70,70,70,1,1,40,50,40,15,50,1,50,1,40,50,70,60
1410,0,50,40,50,100,50,60,50,70,70,50,100,40,60,100,50,100,40,100,40
1411,0,41,60,51,52,61,50,59,65,51,61,51,51,61,61,40,71,50,52,43
1412,0,1,100,60,40,50,40,1,70,100,30,50,60,50,100,1,60,100,100,50
1413,0,70,70,85,70,85,50,40,70,70,50,50,50,85,85,40,85,70,70,70
1414,0,50,50,50,50,50,50,50,50,1,40,50,30,70,50,50,70,50,50,50
1415,0,50,30,51,30,40,70,70,40,50,60,42,50,90,50,50,85,50,69,57
1416,0,85,50,50,50,60,40,50,50,1,40,50,50,100,50,50,85,1,40,30
1417,0,0,70,46,64,80,0,76,66,92,44,66,83,40,87,0,90,87,91,32
1418,0,70,70,50,85,70,70,60,40,50,40,60,70,70,50,15,85,50,85,60
1419,0,0,50,15,0,36,0,15,36,50,30,39,50,100,50,50,85,15,50,15
1420,0,15,70,85,70,85,15,15,60,85,30,70,85,100,100,1,70,85,85,70
1421,0,100,16,1,50,100,61,100,70,1,16,60,1,100,100,100,100,40,70,1
1422,0,15,71,90,16,99,42,31,39,85,39,68,84,83,84,30,39,82,100,70
1423,0,3,75,85,73,80,27,7,46,75,11,46,75,73,88,2,76,79,83,67
1424,0,50,60,60,40,85,40,60,85,100,30,1,60,85,85,100,100,100,100,1
1425,0,40,50,60,50,50,40,40,50,60,40,50,50,70,50,70,70,50,50,50
1426,0,1,85,85,50,70,1,15,60,50,40,30,50,40,50,1,60,50,85,85
1427,0,50,100,40,85,100,50,85,70,50,50,50,85,100,100,50,100,100,85,1
1428,0,40,40,61,40,50,41,41,40,40,40,41,30,100,51,41,70,41,51,50
1429,4,50,15,50,70,60,50,50,70,1,50,50,1,100,1,50,100,1,70,1
1430,0,40,50,1,70,15,50,100,85,50,60,50,1,70,50,70,85,40,100,1
1431,0,100,40,50,85,100,85,100,70,1,70,100,60,100,100,50,100,1,100,1
1432,0,52,99,91,89,85,49,46,44,96,53,40,71,85,72,52,86,98,89,60
1433,0,64,99,74,71,80,57,70,69,99,70,51,99,61,53,73,52,82,79,99
1434,1,1,100,100,50,100,1,1,50,100,25,1,100,15,100,50,90,100,70,90
1435,0,2,85,85,52,50,40,1,84,85,51,70,49,23,71,31,71,90,100,51
1436,0,60,70,40,70,70,40,85,50,85,40,70,85,100,85,60,100,70,85,100
1437,0,85,100,60,1,1,70,15,60,40,100,100,50,85,30,85,40,50,15,50
1438,0,1,50,85,50,80,50,50,50,100,50,50,50,80,100,1,20,100,100,100
1439,0,100,50,50,100,100,85,50,70,1,70,60,1,100,100,60,85,1,70,100
1440,0,45,75,55,35,60,35,30,60,95,25,50,70,70,70,35,70,95,80,60
1441,0,75,50,15,50,0,71,85,70,50,60,50,51,100,85,85,100,50,70,40
1442,0,50,50,50,40,70,30,50,50,70,30,40,40,85,85,50,70,70,85,30
1443,0,85,40,60,70,100,30,85,85,100,85,70,70,85,85,60,100,100,85,50
1444,0,60,85,85,100,85,70,40,85,70,30,70,85,100,70,15,100,85,100,85
1445,0,70,85,85,70,70,60,60,70,70,60,60,85,85,85,30,70,70,70,85
1446,0,45,50,20,35,50,30,55,15,50,15,50,45,50,50,60,65,50,70,35
1447,0,54,50,58,60,62,60,60,70,50,62,50,50,70,60,50,87,50,60,15
1448,0,0,0,1,0,70,50,0,0,85,60,85,1,100,70,0,100,0,70,0
1449,0,85,70,50,40,85,70,85,70,60,60,70,60,100,85,85,100,50,60,50
1450,0,70,72,32,32,6,1,31,96,4,1,2,1,50,85,1,95,1,98,1
1451,0,0,60,40,15,60,60,75,70,70,40,60,40,60,70,0,80,60,70,30
1452,0,50,1,1,1,85,85,100,50,50,50,85,1,100,50,100,85,50,50,1
1453,0,51,51,52,1,51,15,84,14,17,1,51,48,51,51,3,100,1,84,17
1454,0,70,70,50,40,70,70,70,85,85,60,85,70,70,70,40,85,70,85,70
1455,0,40,50,50,50,50,40,50,60,50,40,50,50,70,50,50,85,50,50,50
1456,0,40,50,65,90,80,30,15,50,90,25,40,60,40,50,15,75,80,90,40
1457,0,85,30,16,40,51,60,90,51,16,50,50,1,100,50,70,85,16,61,30
1458,0,50,1,1,1,85,70,100,70,50,40,100,15,100,70,100,100,50,60,1
1459,0,40,60,60,70,85,30,40,60,85,60,85,85,70,85,40,85,85,100,85
1460,0,1,100,90,50,65,70,30,85,100,85,30,50,40,85,30,40,100,85,100
1461,0,50,50,50,30,50,50,50,40,50,15,50,50,50,50,50,70,50,50,30
1462,0,17,52,51,55,71,17,31,31,85,8,51,66,51,60,15,85,70,93,50
1463,0,50,50,50,50,50,60,50,50,50,50,50,50,50,50,50,1,50,50,50
1464,0,50,50,1,30,70,40,60,60,30,60,60,1,85,85,50,100,1,85,15
1465,0,50,60,30,70,50,53,50,50,60,30,70,40,60,50,70,85,50,70,50
1466,0,49,50,62,60,60,40,40,60,57,32,40,33,74,50,63,95,19,61,1
1467,0,40,60,60,100,100,50,40,85,0,1,70,100,100,100,1,100,0,85,60
1468,0,50,100,100,100,100,1,50,50,100,50,50,50,100,100,1,100,100,100,50
1469,0,60,40,40,60,100,70,60,70,40,60,70,30,100,70,60,100,15,70,40
1470,0,60,30,30,30,60,30,85,60,40,15,60,30,85,60,50,70,15,70,30
1471,0,50,15,1,31,51,62,70,30,16,40,61,50,76,50,71,86,1,50,1
1472,0,10,90,99,80,80,1,1,85,75,1,1,70,75,75,1,75,50,90,75
1473,0,1,85,100,100,100,1,1,50,85,1,1,70,15,85,1,70,85,100,70
1474,0,1,1,15,100,85,1,15,50,50,1,15,1,1,50,1,30,50,100,1
1475,0,49,50,50,94,85,31,50,30,51,31,50,51,98,86,51,95,51,84,14
1476,0,70,60,60,50,85,60,60,85,60,70,50,70,85,85,60,100,60,100,70
1477,0,15,50,50,70,50,15,50,40,50,15,50,1,100,50,15,100,50,85,15
1478,0,100,50,1,61,61,60,51,60,1,60,50,1,98,52,51,100,3,60,51
1479,0,15,50,79,60,70,40,15,57,68,34,31,50,100,90,1,85,21,93,37
1480,0,59,40,30,12,96,60,84,58,57,51,79,76,98,85,51,86,41,95,41
1481,0,50,65,50,30,85,50,50,50,65,50,50,65,70,65,50,100,65,100,1
1482,0,100,70,50,100,70,50,50,50,50,50,50,50,100,70,50,100,50,70,50
1483,0,100,100,85,85,70,50,60,70,100,60,70,70,100,100,70,50,100,100,100
1484,0,0,85,0,50,0,30,30,70,85,30,50,0,0,0,15,85,85,85,0
1485,0,30,100,100,100,85,60,85,100,85,40,70,100,85,85,1,100,70,100,85
1486,0,1,85,85,30,60,60,40,70,60,40,85,70,85,70,40,85,30,100,30
1487,0,50,50,30,40,60,50,50,30,50,50,30,50,70,70,70,100,50,50,15
1488,0,41,51,60,70,42,61,41,50,51,61,41,16,51,100,51,84,51,99,1
1489,0,40,40,1,15,100,40,15,1,1,1,1,1,100,1,1,40,0,40,100
1490,0,14,86,50,53,50,27,9,47,97,40,52,52,50,52,50,86,62,90,41
1491,0,30,60,60,50,70,50,30,60,50,50,50,50,50,50,40,60,50,50,60
1492,0,1,60,70,70,85,50,70,50,85,40,50,85,85,85,1,85,50,100,70
1493,0,85,50,70,85,85,40,70,60,60,40,70,50,100,60,50,100,60,70,60
1494,0,70,70,70,70,85,15,40,60,85,30,15,85,85,85,50,85,70,70,85
1495,0,50,15,15,15,50,60,70,40,50,1,70,40,60,50,70,70,50,100,15
1496,0,19,100,86,100,100,41,16,70,100,30,42,70,100,100,16,40,100,88,100
1497,0,35,90,80,60,95,25,10,65,95,30,50,95,55,95,35,80,90,75,80
1498,0,25,70,40,40,100,60,40,70,100,10,60,100,100,100,10,100,100,100,60
1499,0,0,0,60,50,50,50,50,50,85,50,15,50,85,50,0,60,50,50,15
1500,0,100,50,70,100,100,100,100,100,100,70,70,100,100,50,100,100,100,50,100
1501,0,15,70,60,100,100,50,85,70,70,85,70,40,100,100,100,100,1,100,1
1502,0,60,60,40,50,70,30,30,60,60,40,50,50,60,50,50,60,60,60,60
1503,0,30,60,86,95,66,4,30,71,100,1,36,59,55,100,2,95,60,100,25
1504,0,100,15,15,15,70,1,85,60,1,15,50,60,100,85,40,100,15,50,1
1505,0,50,1,1,1,70,70,85,60,30,30,100,50,100,85,85,100,15,50,1
1506,0,50,85,30,1,70,60,100,85,60,40,60,85,50,85,70,100,50,100,40
1507,0,60,50,50,50,100,50,50,50,85,50,70,70,100,85,40,100,70,85,60
1508,0,50,50,40,40,50,60,75,1,50,25,50,65,85,90,65,90,50,90,15
1509,0,60,30,30,15,60,70,85,60,50,50,70,50,100,85,70,85,30,50,1
1510,0,84,100,80,79,69,83,71,80,83,71,70,67,81,70,81,83,84,95,84
1511,0,70,86,51,50,69,61,86,51,100,41,30,17,100,83,52,50,100,86,60
1512,0,50,50,40,1,100,1,60,30,50,1,40,40,100,50,1,15,0,100,50
1513,0,1,50,60,61,50,40,31,66,86,12,50,50,40,60,15,40,51,92,70
1514,0,50,41,61,41,85,86,86,85,15,61,85,30,99,85,85,85,16,99,60
1515,0,50,50,30,30,70,60,70,50,70,60,60,50,100,100,60,100,50,50,30
1516,0,60,50,50,30,60,70,50,70,50,70,60,60,70,60,60,60,15,60,50
1517,0,60,40,30,15,70,40,85,40,15,30,15,40,100,70,85,85,15,60,1
1518,0,1,85,70,70,60,60,30,40,85,15,40,60,50,70,15,70,85,100,60
1519,0,15,100,50,60,85,70,1,85,100,30,85,85,60,85,1,70,85,100,85
1520,0,60,70,60,70,70,60,70,85,85,40,60,40,85,70,60,85,70,85,60
1521,0,75,71,85,85,61,41,17,50,50,1,42,51,75,50,1,16,50,51,69
1522,0,30,1,30,50,85,50,40,70,50,30,40,30,50,100,50,85,50,100,1
1523,0,71,28,30,31,50,69,85,40,50,15,69,50,98,60,96,99,51,71,31
1524,0,60,70,70,70,70,15,70,60,70,60,70,70,70,70,60,70,70,85,70
1525,0,13,70,51,32,97,2,77,67,54,50,71,87,87,74,1,98,58,83,86
1526,0,85,85,1,40,40,15,85,30,1,50,30,40,85,85,70,85,15,60,1
1527,0,50,50,50,1,60,40,50,50,60,50,50,1,50,50,50,60,50,70,60
1528,0,30,50,1,15,60,85,85,70,50,30,100,15,30,15,30,100,998,85,30
1529,0,84,50,82,85,60,31,29,51,50,50,30,50,84,51,51,50,50,70,61
1530,0,30,85,60,40,85,40,70,50,100,50,50,50,85,100,50,85,85,100,85
1531,0,51,21,31,75,51,16,55,50,51,28,9,21,51,100,9,76,50,69,59
1532,0,85,1,15,30,85,85,85,60,1,15,70,1,85,85,60,85,1,60,30
1533,0,999,60,999,60,70,85,999,85,60,60,70,70,85,85,40,85,50,85,85
1534,0,1,30,50,40,60,15,1,40,50,30,30,40,40,60,1,60,50,85,50
1535,0,50,50,50,50,49,59,50,50,50,40,50,55,80,50,50,10,50,70,90
1536,0,85,1,60,40,100,60,60,40,50,30,60,50,85,50,15,65,50,70,1
1537,0,16,50,16,16,50,41,30,50,79,1,50,40,41,50,16,70,51,78,15
1538,0,100,50,40,71,86,61,85,72,51,70,61,52,100,71,62,85,32,84,60
1539,0,100,100,70,40,100,15,60,50,100,0,15,100,100,100,60,15,100,100,0
1540,0,70,100,80,85,75,70,60,50,100,50,70,80,100,100,40,80,100,100,30
1541,0,85,70,70,85,85,50,70,70,85,50,70,85,85,85,50,85,85,85,15
1542,0,31,39,42,67,51,52,58,62,78,29,49,49,23,49,47,72,68,85,35
1543,0,50,50,50,50,50,50,50,30,50,30,50,50,50,50,50,85,50,50,50
1544,0,50,40,50,70,50,60,60,60,60,60,50,50,70,70,50,85,50,60,40
1545,0,85,85,30,1,70,1,70,50,85,1,15,85,100,100,50,85,70,50,15
1546,0,50,15,1,15,50,70,33,15,81,16,50,49,85,51,67,82,94,50,1
1547,0,30,100,100,85,100,30,40,70,100,30,85,100,70,100,1,85,100,100,60
1548,0,50,85,70,100,100,70,60,85,85,70,85,85,85,85,50,100,70,100,85
1549,0,998,998,998,60,60,70,70,60,1,60,70,1,100,70,999,100,40,70,15
1550,0,15,60,15,85,100,1,60,1,50,1,50,100,100,85,1,85,50,100,100
1551,0,60,51,56,70,59,51,51,69,84,31,66,50,87,66,45,81,79,69,41
1552,0,61,47,52,49,72,50,60,71,62,42,52,50,70,72,51,86,52,73,32
1553,0,50,50,50,50,85,40,50,50,50,50,50,50,100,50,50,85,50,60,50
1554,0,60,70,85,50,60,30,50,50,100,50,85,60,70,85,50,85,70,100,50
1555,0,52,98,74,86,96,31,29,82,51,29,53,51,51,50,4,72,16,97,90
1556,0,1,95,100,85,85,31,30,60,100,1,30,95,40,95,1,71,100,100,85
1557,0,60,70,40,70,70,60,70,60,60,60,60,30,85,70,40,85,50,70,60
1558,0,39,49,49,49,50,51,45,51,50,10,51,35,51,50,45,49,49,70,49
1559,0,51,90,70,95,100,41,41,80,86,61,61,86,85,85,31,80,90,86,70
1560,0,15,100,85,90,90,1,30,60,100,10,15,100,60,90,1,85,100,100,90
1561,0,10,75,60,50,65,20,10,50,100,25,50,75,30,85,1,65,100,100,75
1562,0,50,50,40,50,85,50,85,70,50,50,50,50,85,50,60,70,50,70,50
1563,0,17,51,51,32,16,31,51,91,16,63,31,6,85,36,1,60,1,17,52
1564,0,1,90,90,70,100,50,30,80,100,30,40,70,70,100,10,100,100,100,80
1565,0,30,50,50,70,35,50,60,50,50,30,30,50,100,85,50,30,50,85,85
1566,0,0,90,62,44,50,51,14,73,99,67,5,2,61,21,93,37,51,57,99
1567,2,50,50,50,50,60,50,50,50,50,50,50,50,50,50,50,100,50,60,50
1568,0,1,50,50,40,50,1,1,70,80,1,30,50,1,60,1,90,100,100,100
1569,0,12,40,51,17,50,60,51,17,51,16,50,1,50,50,15,96,22,40,2
1570,0,30,90,50,70,65,40,50,70,85,30,50,70,70,70,10,70,80,90,70
1571,0,0,70,96,0,70,40,45,0,99,60,45,70,70,70,0,90,95,98,85
1572,0,1,50,55,55,55,1,1,50,50,1,45,45,50,50,1,1,50,50,55
1573,0,52,15,1,12,50,70,88,50,50,40,85,24,85,70,90,71,50,69,1
1574,0,49,50,39,40,51,50,63,65,51,38,51,69,69,83,40,70,51,85,17
1575,0,15,85,85,70,70,85,1,100,100,15,70,85,85,85,30,100,100,100,85
1576,0,50,40,60,100,40,20,30,30,60,20,20,20,50,50,50,70,60,85,15
1577,0,85,70,60,85,100,85,70,85,40,70,85,85,100,85,60,85,40,100,60
1578,0,30,60,70,50,70,70,40,70,50,40,50,50,50,50,50,60,50,85,60
1579,0,30,60,1,85,50,30,1,40,1,40,1,30,30,50,50,70,1,85,30
1580,0,1,15,1,40,100,70,85,70,40,15,85,40,100,85,85,50,40,0,1
1581,0,15,70,60,70,60,15,15,15,50,15,40,40,60,50,1,60,40,85,40
1582,0,72,70,88,74,87,69,32,76,50,31,62,54,94,75,19,75,30,85,50
1583,0,76,50,15,30,70,15,76,40,50,1,50,58,94,60,51,79,50,85,50
1584,0,60,60,30,60,60,40,60,40,60,30,70,40,85,100,60,85,50,40,30
1585,0,15,100,100,79,85,30,15,80,100,3,70,85,70,94,1,80,98,94,94
1586,0,1,85,85,85,50,70,30,70,100,1,30,50,30,50,30,70,85,100,85
1587,0,4,23,30,51,49,41,67,56,88,6,52,42,49,50,44,79,71,83,2
1588,0,32,100,85,86,84,86,98,72,87,31,98,86,86,99,3,85,71,92,86
1589,0,85,1,1,1,50,84,84,69,51,16,99,50,85,50,99,99,51,99,1
1590,0,50,70,70,70,85,40,40,70,60,60,70,85,100,85,40,85,60,85,85
1591,0,50,85,100,85,50,70,15,70,70,60,60,70,60,85,50,70,60,85,85
1592,0,50,50,15,2,50,70,50,30,50,1,50,50,50,50,75,85,50,50,1
1593,0,50,40,30,70,50,30,30,40,100,15,50,40,100,50,50,100,15,85,1
1594,0,65,80,55,75,60,60,65,55,85,65,45,40,90,95,35,85,60,90,30
1595,0,50,50,60,50,50,60,60,60,60,40,60,50,60,50,40,70,50,100,40
1596,0,15,70,60,50,60,40,40,60,85,40,30,70,40,85,50,85,70,85,85
1597,0,3,51,1,15,60,31,50,40,99,1,30,51,17,98,49,97,84,71,2
1598,0,69,59,54,68,50,58,43,62,71,52,52,59,94,56,53,65,59,78,57
1599,0,62,1,15,1,1,45,31,30,82,1,85,60,85,90,35,60,75,60,1
1600,0,40,86,41,41,85,71,84,84,85,70,61,15,84,85,41,85,85,85,15
1601,0,100,85,85,70,100,70,70,85,50,100,60,1,100,100,85,100,50,85,85
1602,0,60,40,15,40,70,70,85,85,50,60,70,15,70,50,85,85,50,70,1
1603,0,100,70,40,60,100,70,70,70,60,30,85,70,100,85,15,100,50,70,50
1604,0,100,51,50,98,98,41,64,100,100,62,33,100,72,83,50,18,97,50,100
1605,0,60,70,80,40,60,70,10,50,50,1,50,40,70,100,1,20,50,80,60
1606,0,100,87,85,50,100,30,85,49,100,50,100,100,100,100,50,100,100,100,30
1607,0,20,100,70,50,95,51,20,60,100,15,60,60,55,70,15,45,100,65,100
1608,0,50,15,4,16,50,75,93,51,40,50,78,32,90,50,80,85,14,33,1
1609,0,99,86,86,60,85,85,60,85,85,85,85,70,100,85,61,85,70,86,86
1610,0,1,30,40,30,50,30,60,50,50,1,40,50,50,50,15,60,50,50,40
1611,0,51,18,63,70,85,44,31,57,70,56,16,50,51,50,37,65,50,42,60
1612,0,50,50,40,30,50,50,70,70,50,30,50,50,50,50,1,70,50,85,50
1613,0,88,25,44,19,85,62,99,60,71,30,72,74,98,84,72,86,73,69,18
1614,0,50,30,15,60,70,30,60,70,30,30,30,15,85,85,30,85,1,85,1
1615,0,100,40,50,40,50,70,100,30,50,15,50,50,100,100,100,100,50,50,1
1616,0,51,94,84,60,93,16,30,50,100,16,30,70,85,100,1,70,50,85,99
1617,0,40,85,85,70,85,50,30,70,85,40,50,50,50,85,1,60,85,70,85
1618,0,1,100,100,51,100,41,1,41,100,1,50,50,30,100,1,50,100,100,100
1619,0,51,42,71,16,51,40,16,70,70,31,31,50,16,50,30,85,71,86,50
1620,0,31,85,31,50,70,50,41,71,79,31,51,61,65,70,16,85,71,70,41
1621,0,42,51,16,31,70,61,72,85,53,17,63,71,99,72,31,73,53,69,52
1622,0,100,100,15,85,85,85,100,100,100,85,85,85,100,100,100,100,85,100,1
1623,0,73,71,54,72,70,41,60,52,71,29,61,3,86,60,30,60,66,71,71
1624,0,97,51,16,61,50,40,79,71,15,51,63,51,99,70,86,86,41,78,17
1625,0,70,50,50,50,85,70,85,60,50,30,50,85,85,85,70,85,50,70,40
1626,0,30,30,40,70,70,50,40,60,50,15,40,40,70,50,60,70,50,70,15
1627,0,40,30,15,50,70,15,30,55,75,10,15,45,70,0,30,80,55,50,5
1628,0,50,70,40,15,70,60,60,100,50,40,50,50,100,50,60,70,50,50,15
1629,0,85,100,50,70,100,50,50,85,100,1,50,100,100,100,50,85,100,70,60
1630,0,998,998,50,50,85,85,998,30,15,30,70,70,100,85,998,85,998,50,1
1631,0,30,70,40,70,85,60,30,70,50,15,70,50,70,70,1,85,999,85,30
1632,0,91,71,1,85,70,16,50,51,100,50,50,16,100,100,41,100,50,60,1
1633,0,60,52,59,0,88,20,91,69,99,0,85,90,95,92,75,78,97,94,59
1634,1,70,50,50,60,85,70,70,50,50,50,50,85,60,60,100,100,50,100,60
1635,0,70,50,50,50,50,70,85,60,50,60,50,50,100,50,50,85,50,50,1
1636,0,30,100,60,70,85,60,60,60,100,40,40,85,85,100,85,85,100,85,100
1637,0,30,50,30,40,60,30,50,60,50,1,30,50,70,50,40,60,50,50,40
1638,0,1,50,70,70,85,30,60,60,60,50,100,50,100,100,50,85,60,100,15
1639,0,70,50,15,100,70,70,30,40,1,70,50,1,100,40,50,85,30,85,40
1640,0,40,1,1,40,85,60,85,40,70,15,85,40,85,50,70,85,60,85,1
1641,0,30,15,70,85,100,30,50,40,100,60,40,85,50,70,30,40,100,100,30
1642,0,100,60,1,30,85,85,100,85,1,70,85,40,100,85,85,100,40,70,70
1643,0,28,58,37,66,80,13,41,46,50,12,48,63,76,69,7,93,67,65,35
1644,0,15,70,70,50,85,30,40,60,100,40,50,85,100,100,30,85,100,85,85
1645,0,1,78,88,69,84,1,1,59,100,11,4,24,8,94,1,93,95,100,100
1646,0,70,50,50,60,85,70,60,60,50,50,50,60,85,50,50,70,50,100,85
1647,0,59,59,60,51,41,72,85,72,51,72,85,52,98,50,0,99,50,84,51
1648,0,52,4,51,50,86,6,52,41,63,37,32,49,97,52,50,100,41,99,16
1649,0,90,1,1,1,50,61,86,30,1,15,52,1,100,60,100,60,1,50,1
1650,0,13,61,37,43,53,23,24,68,79,16,16,51,31,74,13,61,75,85,42
1651,0,30,15,1,30,85,70,85,50,15,1,60,1,70,100,70,100,1,100,1
1652,0,70,71,50,70,78,41,51,61,70,31,50,70,70,70,30,85,71,72,70
1653,0,30,93,95,71,87,41,31,61,86,20,40,70,90,90,1,80,93,90,91
1654,0,50,20,50,75,50,50,50,50,50,50,50,50,50,50,50,100,50,75,1
1655,0,85,100,85,50,50,50,60,70,100,70,50,100,60,100,40,85,100,100,100
1656,0,50,1,50,50,50,50,50,50,50,50,50,50,50,50,50,50,50,50,50
1657,0,85,70,40,70,85,60,85,85,15,70,50,50,100,85,60,100,15,85,15
1658,0,0,68,0,0,64,0,0,0,77,62,64,0,83,88,0,85,77,85,82
1659,0,75,50,30,1,90,60,100,50,60,15,85,75,100,100,90,100,50,85,1
1660,0,1,100,79,92,100,30,29,66,100,26,41,100,78,100,13,43,100,100,100
1661,0,1,89,86,85,85,16,9,60,86,8,50,85,44,86,1,66,86,92,85
1662,0,84,38,13,48,84,87,82,41,71,62,78,69,96,82,79,98,69,82,1
1663,0,50,50,50,1,100,50,50,50,1,15,50,70,85,70,50,85,1,70,60
1664,0,40,40,45,63,71,41,67,67,89,48,69,65,71,52,77,89,84,87,29
1665,0,70,85,70,100,70,85,65,85,70,85,60,70,100,85,60,85,70,70,60
1666,0,1,100,85,85,100,1,1,60,100,1,40,85,50,85,1,85,85,100,70
1667,0,52,61,16,42,60,51,70,51,52,52,51,49,99,63,50,99,51,85,32
1668,0,15,70,70,30,85,30,40,40,78,30,50,76,94,70,30,85,70,85,50
1669,0,51,41,17,18,71,72,71,51,50,61,69,41,85,85,70,99,32,41,2
1670,0,1,100,100,100,100,50,60,70,100,1,50,100,60,100,1,60,100,100,96
1671,0,15,70,85,60,100,1,40,60,85,40,50,85,85,85,1,60,85,85,85
1672,0,50,60,30,60,40,50,15,40,70,50,30,50,100,50,30,1,70,85,70
1673,0,40,40,15,40,85,50,60,50,30,15,50,50,85,85,50,100,50,85,50
1674,0,1,1,70,60,70,50,40,40,100,1,50,50,40,50,50,85,85,85,50
1675,0,15,70,60,60,50,50,40,60,70,15,50,85,70,85,30,40,50,85,85
1676,0,40,60,40,50,60,50,60,50,50,40,50,50,50,85,40,60,50,100,50
1677,0,85,15,50,15,100,100,85,30,50,20,100,100,100,50,85,80,50,50,15
1678,0,85,40,15,30,85,70,85,70,50,30,85,40,100,85,85,100,50,50,1
1679,0,50,41,31,30,56,16,41,40,36,30,33,23,85,21,45,59,41,53,10
1680,0,15,86,72,50,53,16,46,60,86,39,48,50,51,53,2,85,58,86,80
1681,0,50,55,50,72,86,60,0,43,49,1,52,53,100,55,51,96,49,55,47
1682,0,100,50,30,100,100,50,80,100,30,80,100,80,100,80,80,100,30,100,30
1683,0,60,40,70,85,60,70,85,60,40,40,50,50,100,85,50,60,50,60,70
1684,0,50,100,50,50,50,50,1,50,50,15,50,50,50,100,1,100,50,50,50
1685,0,1,70,85,70,85,40,16,60,100,71,50,71,50,85,1,70,71,100,100
1686,0,40,1,50,100,100,100,100,85,1,100,1,1,100,100,85,100,1,60,1
1687,0,85,50,50,80,80,85,70,85,50,85,50,60,100,60,40,85,60,60,100
1688,0,998,85,70,85,60,15,60,60,85,50,60,60,60,60,50,85,85,100,60
1689,0,51,66,69,70,71,31,60,71,71,41,51,52,50,71,1,70,56,79,70
1690,0,1,100,100,70,100,1,1,40,100,15,50,85,60,100,15,70,100,100,100
1691,0,61,84,70,72,85,81,80,86,76,87,84,71,76,78,64,95,73,86,73
1692,0,50,85,70,60,70,50,50,60,70,30,50,70,100,70,15,100,60,60,60
1693,0,30,100,70,70,100,70,70,50,100,15,70,100,70,100,1,100,100,100,70
1694,0,15,50,40,15,85,50,100,85,50,70,50,60,85,85,60,85,50,100,1
1695,0,40,100,60,50,70,1,40,50,50,999,50,60,40,60,50,50,50,50,100
1696,0,85,50,30,40,50,50,85,60,40,40,50,50,85,50,40,70,40,70,40
1697,0,65,74,31,4,66,34,92,52,86,10,63,44,90,92,70,89,64,94,2
1698,0,1,56,75,17,62,52,1,59,72,41,52,51,1,100,1,79,55,72,42
1699,0,50,70,70,60,85,50,60,70,85,30,50,85,70,85,30,85,85,100,70
1700,0,42,57,16,17,0,80,66,53,51,12,61,51,85,52,52,92,51,72,2
1701,0,41,46,73,65,75,32,74,72,86,19,18,48,61,62,42,71,80,98,44
1702,0,0,15,15,15,85,15,85,60,40,15,70,15,100,85,60,100,30,50,1
1703,0,85,70,70,60,60,60,70,70,60,60,60,70,85,60,50,85,50,70,60
1704,0,51,33,1,32,97,32,51,41,99,41,97,98,99,73,62,99,99,52,1
1705,0,70,100,70,85,70,85,85,85,50,85,50,50,85,50,70,85,50,85,100
1706,0,60,50,15,30,60,70,60,60,50,40,50,50,100,85,60,85,50,60,15
1707,0,30,70,70,60,60,40,40,40,85,40,50,70,50,85,15,40,85,85,60
1708,0,40,58,64,58,62,41,63,60,65,34,45,66,65,66,41,69,55,67,56
1709,0,74,20,17,16,60,70,83,61,29,40,83,35,85,61,85,84,40,72,5
1710,0,60,100,90,80,100,100,75,100,100,40,100,100,100,100,80,100,100,100,90
1711,0,70,40,50,40,60,70,50,40,30,40,70,50,85,50,50,30,15,85,15
1712,0,50,50,50,50,40,50,50,50,40,50,50,50,50,50,1,50,30,60,50
1713,0,50,50,15,40,60,60,70,60,50,40,50,50,70,50,70,70,50,70,1
1714,0,1,86,84,61,72,42,1,85,70,2,1,69,30,83,1,83,84,99,71
1715,0,1,100,100,100,100,30,1,70,100,50,50,100,50,100,1,50,100,100,100
1716,1,54,82,65,52,71,31,72,63,72,25,16,66,86,81,4,87,84,77,50
1717,0,55,75,75,60,95,65,80,95,90,55,65,95,95,95,50,95,60,90,95
1718,0,0,100,90,51,100,56,71,86,70,63,71,0,88,93,17,89,0,99,100
1719,0,58,78,47,81,76,86,93,43,79,56,72,3,92,90,53,98,48,76,2
1720,0,50,50,40,100,85,42,50,31,51,30,30,1,100,100,60,100,85,100,52
1721,0,51,53,48,62,85,62,68,71,81,73,66,53,99,71,57,85,58,74,70
1722,0,1,100,50,100,100,1,1,30,100,15,1,100,60,100,1,1,100,100,100
1723,0,1,85,71,84,85,15,1,62,100,4,18,100,9,100,1,85,100,100,40
1724,0,85,100,85,100,85,85,100,100,85,85,85,100,100,100,85,85,85,100,30
1725,0,15,85,85,70,70,70,30,70,85,50,85,70,85,85,1,70,85,100,70
1726,0,30,70,70,60,70,50,40,40,70,40,50,70,60,70,30,70,70,60,70
1727,0,30,40,40,15,50,30,50,50,70,50,50,50,70,50,50,70,50,50,30
1728,0,5,61,25,3,72,85,80,77,82,61,57,72,81,87,62,94,41,86,2
1729,0,60,55,10,40,60,55,75,55,55,70,55,55,70,60,90,98,40,90,45
1730,0,11,8,12,12,15,12,15,7,8,12,4,0,14,1,1,6,11,9,6
1731,0,85,60,50,40,85,60,70,85,50,60,85,60,100,60,50,100,50,85,70
1732,0,15,100,85,85,85,15,60,998,100,1,998,998,998,998,1,40,100,100,100
1733,0,50,50,70,100,85,40,85,60,50,40,50,50,60,50,60,40,50,70,100
1734,0,100,85,86,16,100,15,100,40,51,16,60,100,100,100,85,100,40,100,59
1735,0,50,15,30,15,50,50,60,70,50,30,50,50,50,50,60,85,50,50,15
1736,0,51,71,100,99,100,1,50,71,100,2,1,100,100,99,51,98,100,100,62
1737,0,1,100,100,85,100,16,1,70,100,17,40,100,1,85,1,71,100,100,100
1738,0,60,15,1,15,85,70,70,60,1,15,50,15,85,85,85,85,1,60,1
1739,0,50,50,40,50,50,40,50,30,50,30,50,50,50,50,50,85,15,60,15
1740,0,59,71,87,84,84,6,2,32,60,2,2,62,84,70,2,71,61,70,59
1741,0,33,72,86,85,100,16,32,70,100,1,51,85,0,86,2,71,100,99,52
1742,0,70,50,70,60,85,40,70,70,50,70,40,85,85,70,40,40,50,40,70
1743,0,70,85,85,100,100,70,50,50,85,50,85,100,0,100,1,70,85,100,100
1744,0,17,51,67,66,66,30,16,61,72,7,31,66,60,70,2,67,51,85,61
1745,0,100,1,1,50,100,70,100,51,16,40,0,100,100,100,84,100,1,60,1
1746,0,100,70,70,85,100,85,85,100,100,85,85,85,85,70,70,85,70,100,85
1747,0,30,50,60,60,85,85,60,85,60,60,60,85,85,85,15,85,60,85,15
1748,0,50,50,60,60,60,60,70,70,70,60,60,60,70,60,40,70,70,70,40
1749,0,40,60,70,50,50,50,40,50,60,40,50,50,50,60,40,70,60,85,50
1750,0,30,51,85,15,85,41,86,61,86,42,85,85,85,86,50,100,85,100,17
1751,0,2,29,54,29,63,9,12,63,77,22,35,61,41,83,1,46,65,98,9
1752,0,40,60,51,0,51,37,52,50,51,50,51,50,50,50,25,51,51,51,52
1753,0,50,30,15,60,50,50,100,70,50,50,50,60,100,85,60,100,50,50,1
1754,0,50,100,60,70,100,60,30,85,70,50,50,85,100,100,30,100,70,85,100
1755,0,30,100,100,50,85,40,30,40,100,40,100,100,30,100,50,85,100,100,85
1756,0,50,30,40,4,50,46,22,68,50,18,65,50,50,50,12,84,50,100,30
1757,0,50,40,1,40,50,60,85,40,50,60,50,15,85,70,85,100,50,60,15
1758,0,43,46,25,50,50,65,82,61,60,13,50,35,86,74,64,94,42,51,5
1759,0,100,25,1,50,45,50,100,50,25,65,75,1,100,100,65,100,1,70,1
1760,0,85,50,70,100,100,85,100,85,100,60,100,1,100,70,100,100,100,100,100
1761,0,50,50,50,15,100,15,40,70,50,15,50,40,100,70,15,70,70,85,15
1762,0,50,40,30,30,85,60,85,60,40,15,60,50,100,60,50,100,40,50,50
1763,0,41,99,99,62,60,72,58,60,98,18,84,85,97,99,1,71,86,98,70
1764,0,60,70,60,100,70,30,70,60,70,30,70,60,70,70,50,85,85,70,85
1765,0,30,85,60,50,85,50,60,100,85,30,50,85,85,85,30,85,85,100,40
1766,0,41,16,1,83,50,48,59,50,50,48,18,50,91,50,39,100,98,61,1
1767,0,50,50,40,30,50,50,85,50,50,41,50,40,100,50,85,100,50,85,15
1768,0,1,1,1,100,100,100,100,50,1,100,85,1,100,100,50,100,1,60,1
1769,0,1,40,100,85,60,1,1,60,100,1,15,60,30,85,1,70,70,100,70
1770,0,31,85,84,85,85,16,40,61,71,41,30,70,86,86,31,41,71,86,71
1771,0,61,58,40,42,60,41,30,65,49,30,60,41,75,51,30,60,50,70,30
1772,0,50,1,1,1,94,17,100,16,50,40,50,1,100,100,86,100,50,50,1
1773,0,70,50,85,70,100,50,85,85,85,60,50,100,100,85,40,85,85,100,100
1774,0,70,85,70,85,85,60,70,85,85,60,85,85,85,85,70,85,70,100,85
1775,0,50,30,50,15,50,40,60,60,50,60,50,40,70,50,50,70,50,60,40
1776,0,50,100,70,100,100,85,100,100,50,100,100,1,100,85,60,100,50,100,70
1777,0,40,85,70,40,60,30,30,60,70,30,40,60,70,60,30,30,60,60,85
1778,0,51,51,70,99,50,73,61,72,50,60,85,60,84,86,31,86,52,84,17
1779,0,30,100,85,70,100,85,70,100,100,15,100,100,100,100,30,85,100,100,85
1780,0,70,85,70,85,100,30,70,85,70,40,60,50,100,85,60,100,70,100,60
1781,0,1,85,85,85,85,50,30,85,100,50,50,85,85,85,1,85,85,100,85
1782,0,70,85,70,60,85,70,85,85,85,70,70,85,85,85,70,85,85,85,70
1783,0,51,51,31,41,61,70,60,61,50,52,84,16,61,71,54,86,41,52,17
1784,0,50,51,31,60,42,84,61,61,51,41,61,31,69,52,71,98,50,85,16
1785,0,1,100,94,92,85,36,1,54,100,30,61,87,65,100,1,70,95,100,85
1786,0,50,50,60,70,70,60,40,60,50,15,60,60,85,85,50,85,50,85,30
1787,4,30,75,40,35,75,40,30,85,75,10,45,75,75,75,20,65,75,90,80
1788,1,100,100,100,100,100,100,100,100,100,100,50,100,100,100,100,100,100,85,100
1789,0,1,100,97,98,100,60,8,42,100,15,70,100,85,97,1,85,100,100,90
1790,0,50,40,60,50,50,50,60,40,50,45,40,40,50,50,50,40,30,50,70
1791,0,15,60,60,60,70,60,30,40,85,30,60,70,60,70,40,60,70,85,85
1792,0,40,70,85,70,85,40,30,60,85,40,50,85,60,85,15,60,85,60,85
1793,0,75,60,10,30,75,75,75,70,90,31,75,80,75,75,86,90,90,82,40
1794,0,35,85,100,85,95,45,51,60,100,80,80,95,40,100,0,95,100,100,100
1795,0,40,70,60,53,50,40,30,60,50,40,50,50,60,60,1,50,50,50,60
1796,0,50,40,1,50,70,60,70,40,50,15,60,40,70,60,50,85,50,70,15
1797,0,50,66,70,72,65,60,78,80,50,60,65,30,70,75,50,95,45,97,1
1798,0,60,85,85,70,85,40,60,85,85,50,70,70,85,85,50,70,70,85,85
1799,0,96,85,90,50,100,50,80,90,95,60,86,95,100,95,50,70,90,50,85
1800,0,1,85,40,40,60,50,50,50,50,50,50,85,60,70,15,70,50,100,85
1801,0,50,85,15,40,85,50,60,40,85,60,60,15,100,85,70,100,50,100,1
1802,0,48,85,90,80,85,50,75,85,90,47,80,100,100,100,70,100,60,100,1
1803,0,85,50,50,60,85,50,60,60,40,50,50,40,100,50,50,100,40,50,50
1804,0,1,100,100,60,85,60,40,70,85,40,70,60,100,100,1,85,50,100,85
1805,0,100,100,85,100,100,100,100,100,1,100,85,50,100,100,50,100,1,100,100
1806,0,40,70,70,65,80,35,60,65,70,10,50,70,80,80,5,80,75,70,85
1807,0,31,53,83,0,59,38,58,54,83,36,63,58,72,81,0,71,79,73,41
1808,0,70,50,50,50,70,70,70,70,15,70,50,15,100,50,50,70,50,70,15
1809,0,43,69,16,16,39,61,80,58,71,68,85,69,77,87,57,95,78,80,32
1810,0,40,41,39,15,51,61,51,61,50,16,50,40,40,51,0,40,60,61,40
1811,0,31,60,81,84,68,40,16,41,85,26,70,60,59,84,9,32,60,97,47
1812,0,50,50,50,50,85,60,50,50,50,50,85,50,100,50,50,15,50,70,100
1813,0,50,54,32,65,50,62,98,58,66,67,73,43,63,54,51,73,45,50,57
1814,0,15,60,70,70,60,40,70,60,70,30,30,60,70,70,40,70,40,85,15
1815,0,100,100,100,85,100,40,50,85,100,70,70,100,100,100,1,40,100,70,100
1816,0,1,1,30,60,50,50,40,30,70,40,50,50,1,50,1,50,50,50,1
1817,0,70,50,50,60,70,40,70,50,50,50,50,70,85,70,50,100,50,70,50
1818,0,50,85,70,85,70,15,60,30,85,30,60,85,85,85,1,85,85,60,70
1819,4,16,15,49,1,51,50,60,60,50,60,70,17,59,51,30,60,15,70,16
1820,0,70,20,20,25,90,75,95,60,35,10,85,35,95,85,85,90,25,90,1
1821,0,50,32,19,34,50,85,77,69,42,77,72,42,79,50,59,52,30,68,32
1822,0,60,40,50,40,60,60,50,85,1,1,50,40,85,50,60,100,1,85,15
1823,0,85,100,100,50,100,15,70,50,100,50,50,100,100,100,50,70,100,100,100
1824,0,50,50,30,40,70,1,50,15,85,1,50,50,85,70,50,85,85,70,60
1825,0,85,40,40,40,70,60,70,70,70,40,70,85,100,85,70,85,70,70,30
1826,0,10,90,90,65,90,20,30,60,100,50,15,75,50,85,10,50,100,80,75
1827,0,72,92,85,51,85,51,51,70,100,38,52,85,0,100,50,69,100,100,68
1828,0,85,40,30,40,70,60,70,60,40,60,70,40,100,85,85,100,70,70,1
1829,0,40,40,16,32,50,50,77,60,51,40,50,42,92,70,50,94,50,56,17
1830,0,0,50,0,50,0,85,100,70,85,40,100,50,85,100,70,100,85,100,1
1831,0,70,30,1,70,85,85,100,70,85,50,85,50,100,100,50,100,40,85,1
1832,0,92,73,8,78,77,50,92,50,79,18,82,48,93,81,85,86,84,86,9
1833,0,50,51,50,71,61,32,50,17,51,17,4,30,100,52,52,100,51,50,42
1834,0,40,50,50,50,60,40,60,70,70,70,50,70,70,70,50,70,70,50,60
1835,0,25,75,50,25,50,75,50,50,50,1,50,50,50,50,25,90,50,100,1
1836,0,100,70,60,50,70,60,70,60,75,50,50,50,100,50,50,50,70,70,50
1837,0,70,60,70,60,60,70,70,60,30,60,998,60,100,85,15,85,15,998,85
1838,0,60,85,95,70,100,10,100,40,60,50,30,95,100,95,15,75,60,95,85
1839,0,100,2,1,1,100,48,99,59,1,61,50,41,100,100,87,100,1,51,3
1840,0,99,50,18,7,86,98,82,58,2,17,14,1,100,51,58,99,2,91,1
1841,0,60,50,30,50,70,70,70,40,30,60,50,1,100,70,70,70,30,60,1
1842,0,60,15,15,40,50,40,85,30,70,30,60,50,100,70,85,85,30,60,15
1843,0,60,60,70,50,60,50,60,85,70,40,50,70,100,60,40,70,70,85,60
1844,0,1,1,100,100,100,4,1,1,100,19,15,83,36,100,1,100,100,83,85
1845,0,70,65,15,50,95,51,70,41,85,77,80,41,95,100,51,85,31,54,15
1846,0,50,50,50,70,100,50,50,1,70,1,1,50,85,100,0,70,40,85,50
1847,0,0,85,15,39,73,72,100,29,3,39,72,1,99,51,83,98,1,50,30
1848,0,50,40,60,50,70,50,70,60,50,40,50,50,90,70,70,100,50,85,50
1849,0,85,70,15,70,85,85,85,85,85,85,85,15,85,85,85,85,70,100,1
1850,0,70,60,85,72,60,100,40,70,85,50,60,40,100,100,50,70,40,100,70
1851,0,85,50,30,60,85,60,70,60,85,60,85,60,100,85,69,85,50,60,15
1852,0,50,50,50,70,100,70,50,50,85,50,50,70,85,85,50,100,70,85,50
1853,0,100,32,1,59,68,69,99,75,1,85,60,86,99,100,1,100,1,99,40
1854,0,50,50,50,50,50,50,50,50,50,15,50,40,50,50,50,40,50,50,50
1855,0,50,50,30,15,50,70,85,40,50,50,70,15,50,50,70,70,15,70,50
1856,0,1,40,60,1,100,60,1,70,100,40,60,40,100,100,1,70,100,70,30
1857,0,70,100,70,100,85,65,40,70,85,70,100,70,100,70,50,50,85,85,65
1858,0,40,40,40,70,100,60,60,50,50,50,85,60,100,85,60,100,50,60,15
1859,0,85,70,30,15,85,85,85,60,85,40,85,85,85,85,85,85,85,85,30
1860,0,85,84,85,41,92,38,43,41,51,58,18,80,100,100,2,83,52,86,99
1861,0,998,998,70,85,100,998,998,998,998,998,85,998,60,998,998,85,998,85,85
1862,0,30,40,30,40,0,60,60,40,70,15,50,40,70,70,50,70,70,0,15
1863,0,1,100,85,100,85,30,30,85,100,30,50,100,60,100,1,40,100,100,100
1864,0,54,47,60,50,84,57,60,41,43,7,71,3,53,85,75,98,32,85,1
1865,0,50,70,50,68,97,1,30,53,82,53,21,32,95,50,30,100,84,70,54
1866,4,50,50,50,70,100,50,50,85,50,40,50,100,100,100,50,100,50,85,50
1867,0,31,99,80,71,79,13,16,54,98,15,47,61,72,67,17,40,98,96,98
1868,0,70,85,85,60,100,40,60,40,50,30,50,70,100,85,1,70,50,85,70
1869,0,50,50,50,50,70,70,50,85,50,70,50,85,100,85,50,100,50,70,100
1870,0,60,40,50,30,40,50,40,40,1,40,60,1,60,60,50,30,1,30,1
1871,0,0,100,15,85,100,70,15,50,100,40,30,70,100,70,15,30,85,60,100
1872,0,50,40,40,60,50,50,70,40,50,40,50,40,50,50,40,85,50,70,30
1873,2,60,998,15,50,85,30,30,30,998,15,998,1,85,998,85,100,998,70,998
1874,0,14,2,11,18,50,31,71,61,70,66,73,60,70,71,32,86,70,73,9
1875,0,50,40,52,60,71,30,41,52,51,41,50,41,51,51,41,71,51,70,52
1876,0,40,15,30,70,60,60,50,70,15,70,60,30,85,70,60,100,50,85,15
1877,0,30,70,85,70,60,30,50,40,85,15,50,85,60,85,30,40,70,70,70
1878,0,50,40,50,50,50,40,60,70,50,30,50,50,50,50,40,70,50,85,50
1879,0,85,30,85,85,85,60,70,85,100,70,50,60,100,70,60,100,100,70,40
1880,0,48,78,49,98,87,28,50,38,88,19,52,14,73,95,17,97,87,69,3
1881,0,50,50,4,55,32,31,85,51,51,31,41,41,85,51,81,88,50,90,17
1882,0,20,100,95,50,90,50,10,65,100,80,80,90,50,90,30,70,100,90,100
1883,0,15,60,40,40,70,40,40,50,100,50,60,60,85,100,1,70,100,100,40
1884,0,51,74,68,63,71,63,61,71,78,64,58,61,57,84,70,73,83,54,76
1885,0,70,80,79,80,72,42,71,85,85,42,70,85,82,85,50,100,85,85,30
1886,0,31,50,76,63,51,51,51,80,51,51,50,55,86,60,16,51,50,84,55
1887,0,50,70,85,100,71,41,1,1,50,1,61,30,85,85,2,61,40,100,61
1888,0,40,50,10,12,73,41,60,60,79,50,70,85,86,84,13,85,50,84,29
1889,0,50,15,15,40,50,70,85,40,40,30,85,30,70,85,50,70,50,85,1
1890,0,60,85,60,100,70,40,70,70,85,1,40,85,100,85,15,100,85,100,1
1891,0,85,70,40,85,85,85,85,100,60,85,40,70,85,70,70,85,50,100,100
1892,0,1,70,70,85,100,50,50,50,50,1,15,100,85,85,1,70,40,100,85
1893,0,70,0,7,1,83,81,68,85,14,39,59,69,100,87,85,94,17,84,1
1894,0,56,50,69,80,56,70,43,41,38,30,52,49,98,55,50,98,35,98,21
1895,0,50,50,60,100,85,1,60,15,1,1,40,1,100,85,60,70,50,50,1
1896,0,7,89,86,50,77,46,1,70,70,15,52,60,71,85,1,100,60,70,1
1897,0,60,40,30,70,100,40,40,85,100,40,85,70,85,100,70,85,70,60,15
1898,0,50,52,1,70,70,40,40,50,85,50,15,50,60,50,1,70,50,49,50
1899,0,1,99,100,50,50,50,30,50,100,1,50,50,50,50,1,85,100,50,100
1900,0,50,60,50,50,70,50,50,60,70,30,60,70,70,70,30,85,70,85,70
1901,0,85,50,30,15,85,70,70,60,70,60,70,50,85,85,70,85,50,60,15
1902,0,0,90,86,72,85,17,41,41,62,16,41,42,85,50,2,71,41,98,42
1903,0,1,75,90,40,50,60,5,70,100,70,70,85,15,50,50,75,100,100,75
1904,1,1,50,60,55,85,60,50,55,95,1,70,75,40,95,1,75,90,95,70
1905,0,85,50,50,85,70,70,50,70,50,85,50,50,85,50,70,85,50,85,70
1906,0,50,1,1,50,50,50,100,1,15,50,50,15,100,50,50,92,1,50,1
1907,0,60,85,85,85,100,0,60,70,60,40,50,100,100,100,1,100,50,100,70
1908,0,60,60,60,50,85,40,40,50,50,40,40,50,85,70,50,85,30,85,50
1909,0,0,50,50,85,50,50,50,85,70,50,50,50,50,50,50,100,60,70,30
1910,0,70,50,100,85,85,70,85,85,50,1,85,85,85,85,40,85,50,85,85
1911,0,60,15,50,15,60,50,70,60,70,15,50,70,70,70,85,85,70,70,30
1912,0,1,15,30,32,70,30,40,48,1,14,45,1,39,41,71,15,1,84,1
1913,0,60,100,60,40,85,60,60,70,85,60,60,100,100,100,40,85,100,100,85
1914,0,40,84,70,61,86,51,85,70,100,50,70,60,86,85,60,85,100,85,70
1915,0,50,85,70,85,100,70,60,70,100,70,85,100,50,100,999,60,100,100,85
1916,0,50,60,50,40,50,50,40,40,60,60,85,15,70,70,50,60,15,85,30
1917,0,70,60,50,60,60,70,50,70,70,60,70,60,85,85,50,85,70,85,30
1918,0,50,17,1,1,31,16,70,60,50,15,47,1,50,50,78,81,1,98,1
1919,0,1,100,99,100,52,62,3,63,100,4,52,100,100,99,1,88,98,100,100
1920,0,40,69,65,51,65,39,36,70,51,41,52,50,51,51,35,70,17,85,34
1921,0,32,51,52,50,60,50,52,52,97,44,19,32,32,51,51,73,96,52,3
1922,0,61,51,51,52,62,50,50,51,1,14,40,27,73,66,53,83,16,60,60
1923,0,30,100,100,85,100,70,1,60,100,15,50,85,60,100,1,85,85,100,85
1924,0,60,50,50,40,70,40,60,60,50,40,50,50,100,50,50,85,50,50,70
1925,0,50,70,1,61,99,0,98,40,1,16,84,1,99,99,61,99,1,99,1
1926,0,17,42,2,32,31,71,88,41,50,16,17,1,85,40,5,85,51,51,1
1927,0,50,70,100,30,83,36,50,60,98,52,50,50,51,99,50,85,85,70,50
1928,0,70,50,45,50,100,50,85,70,1,60,50,50,100,70,60,60,1,60,60
1929,1,51,0,70,84,70,0,0,50,83,50,50,70,69,88,50,83,68,50,79
1930,0,1,100,100,85,100,30,30,60,100,40,50,100,85,100,1,85,100,100,100
1931,0,41,53,16,59,62,87,83,61,54,44,86,15,87,87,86,100,49,66,1
1932,0,100,100,100,100,100,100,100,60,100,50,100,100,100,100,1,100,100,100,100
1933,0,70,50,15,70,100,60,85,60,30,15,60,1,100,70,50,85,50,50,1
1934,0,50,1,1,50,65,50,70,50,1,50,50,50,100,50,50,70,50,50,1
1935,0,50,50,60,70,70,70,70,70,70,60,50,50,70,50,50,85,50,85,30
1936,0,50,51,50,85,50,40,51,51,50,30,50,51,100,50,50,100,50,84,48
1937,0,30,1,60,40,50,40,40,70,70,50,40,50,85,100,50,30,70,85,50
1938,0,40,40,30,50,40,60,60,50,1,50,40,50,70,50,50,60,1,80,1
1939,0,70,50,30,15,85,85,85,50,0,40,85,1,85,85,60,100,30,85,1
1940,0,40,50,50,60,60,40,60,50,50,50,30,50,50,50,50,60,40,70,40
1941,0,50,50,50,40,50,50,50,1,60,15,60,50,70,50,50,85,50,50,40
1942,0,50,58,50,50,60,50,67,50,89,60,57,50,89,50,50,100,50,65,25
1943,0,30,50,50,100,60,50,50,15,85,1,50,50,30,50,1,85,100,100,100
1944,0,85,15,50,70,100,30,50,50,70,1,1,100,85,100,50,1,50,85,100
1945,0,50,50,50,60,60,60,50,60,70,40,60,60,60,60,50,85,85,60,50
1946,0,40,40,40,60,70,60,60,60,50,60,50,60,60,50,50,70,50,70,30
1947,4,2,76,85,52,52,1,15,31,40,40,3,41,15,85,53,40,85,99,16
1948,0,85,50,50,50,85,60,1,40,1,50,50,50,100,85,85,100,1,50,1
1949,0,999,50,40,50,0,50,90,50,50,50,50,20,90,50,999,50,30,40,999
1950,0,95,10,40,50,70,61,90,62,60,70,60,25,95,95,70,95,60,70,5
1951,4,40,16,60,15,50,1,45,30,70,4,41,59,58,60,2,61,51,99,30
1952,0,0,0,50,50,85,90,50,60,90,5,85,100,100,100,50,99,0,100,5
1953,0,39,41,51,17,50,40,60,60,42,40,51,51,51,50,15,60,16,70,41
1954,0,1,98,99,86,100,45,18,60,100,52,73,98,59,100,54,72,100,100,100
1955,0,100,999,999,70,100,85,999,85,15,100,40,999,100,50,50,85,50,85,999
1956,0,70,50,50,50,85,50,50,70,50,60,61,40,85,99,41,85,50,85,40
1957,0,97,41,8,61,70,66,97,70,50,52,85,90,99,92,85,85,50,93,40
1958,0,40,70,50,60,50,60,50,85,50,40,50,50,50,50,30,85,50,70,60
1959,0,61,14,12,4,71,94,96,52,12,42,84,11,100,51,83,100,1,36,1
1960,0,50,40,50,50,50,15,50,50,70,1,30,1,85,50,50,60,50,60,1
1961,0,69,51,59,51,83,63,58,62,53,33,48,27,96,71,30,72,16,75,61
1962,0,1,60,100,100,85,1,1,100,50,50,1,85,1,100,1,50,70,100,85
1963,0,1,50,51,50,85,50,2,52,51,2,0,72,84,51,1,50,51,85,61
1964,0,70,50,60,40,50,40,50,70,50,1,40,50,85,50,15,50,50,85,60
1965,0,1,96,85,90,85,15,16,40,100,31,41,40,40,85,16,31,100,99,70
1966,0,50,1,15,50,50,50,70,50,15,15,50,50,50,50,60,90,15,50,15
1967,0,66,79,47,66,74,75,48,46,16,65,51,59,59,24,69,3,19,47,97
1968,0,15,60,15,60,15,85,15,70,70,1,40,50,85,60,1,15,60,90,15
1969,0,70,60,70,60,70,60,60,60,50,40,60,60,85,85,70,70,50,85,50
1970,0,30,70,70,85,70,40,40,60,85,40,50,85,85,85,15,85,85,50,85
1971,0,70,50,70,70,85,70,85,85,50,70,70,60,85,60,85,100,50,100,60
1972,0,100,1,1,100,100,52,100,85,100,70,100,100,100,100,100,100,100,100,1
1973,0,24,71,61,50,70,31,40,61,50,25,50,40,40,50,2,78,50,85,70
1974,0,71,87,98,72,90,45,30,45,100,40,99,100,100,99,17,74,100,94,84
1975,0,85,60,15,1,100,85,100,40,1,30,85,15,100,70,100,85,1,100,1
1976,0,10,90,60,47,48,35,40,55,80,30,35,80,30,70,1,80,55,95,35
1977,0,40,15,30,15,70,30,60,60,60,40,30,40,100,70,30,100,40,85,1
1978,0,70,85,100,50,70,50,50,50,50,40,50,85,85,70,60,50,40,80,85
1979,0,85,50,50,60,100,50,50,60,1,70,50,1,100,50,1,100,50,70,50
1980,0,70,15,1,40,85,40,85,30,50,1,50,60,100,85,30,100,50,85,1
1981,0,1,16,51,16,61,15,30,70,1,51,70,1,100,42,1,84,1,84,18
1982,0,40,100,85,100,100,70,60,100,100,40,85,100,60,100,30,100,100,100,100
1983,0,50,15,1,40,50,30,60,15,50,15,50,30,50,50,30,15,50,50,1
1984,0,85,40,30,15,85,70,100,60,30,70,100,50,100,85,100,85,1,85,1
1985,0,1,60,60,1,70,50,50,85,70,1,50,70,70,85,15,85,60,85,70
1986,0,50,62,62,70,85,16,61,41,16,55,17,77,69,60,50,43,29,41,71
1987,0,60,60,70,70,70,85,70,70,85,40,70,70,85,70,30,70,70,85,70
1988,0,60,15,15,60,50,15,85,70,40,60,50,15,100,50,70,85,15,85,15
1989,0,50,40,50,70,70,60,50,50,50,60,50,50,60,50,50,85,60,60,60
1990,0,60,40,70,85,70,30,70,60,70,30,70,70,85,70,40,85,70,70,30
1991,0,70,60,70,85,100,30,60,85,85,60,60,70,100,60,60,60,70,100,100
1992,0,50,66,84,80,71,60,16,40,84,41,41,51,60,50,40,87,70,71,51
1993,0,70,45,15,55,50,50,40,40,50,30,50,50,70,85,45,100,15,70,1
1994,0,85,30,1,70,84,60,99,85,1,70,85,0,85,85,60,99,30,85,1
1995,0,76,72,40,94,82,24,52,5,89,86,30,73,97,85,30,12,92,97,100
1996,0,70,60,60,70,85,70,60,70,60,70,70,70,70,70,70,60,60,60,100
1997,0,100,0,70,0,85,85,85,85,70,85,30,0,100,30,100,100,60,50,50
1998,0,40,100,100,85,100,70,70,85,100,40,100,100,100,100,1,70,100,100,100
1999,0,85,15,1,30,0,70,85,60,15,30,50,40,100,60,85,100,1,50,1
2000,0,50,40,40,30,85,50,70,50,50,50,50,60,85,70,50,100,50,60,30
2001,0,85,40,15,60,70,40,85,40,40,30,60,40,100,85,85,70,15,85,15
2002,0,85,50,30,70,60,30,70,70,15,60,1,1,85,50,50,85,15,50,85
2003,0,50,70,50,85,60,50,50,50,50,50,30,50,70,50,50,85,30,85,50
2004,0,30,60,85,60,85,50,30,50,50,1,50,85,50,70,15,40,50,50,85
2005,0,85,85,15,50,85,50,0,0,1,40,60,30,100,85,50,85,1,0,1
2006,0,60,60,60,40,70,40,50,60,70,60,60,60,70,70,60,85,70,85,70
2007,0,15,100,85,85,85,30,50,40,100,40,50,85,50,100,1,70,85,100,70
2008,0,70,60,50,60,50,60,85,50,50,60,50,50,70,50,70,85,40,70,30
2009,0,75,50,51,80,99,30,50,50,50,50,99,51,100,86,50,100,88,49,83
2010,0,51,60,3,71,41,61,95,1,51,31,51,16,89,52,60,100,17,85,2
2011,0,0,50,30,0,65,50,25,0,50,25,35,50,50,50,0,50,50,90,60
2012,1,41,41,58,71,51,30,16,50,2,50,50,29,69,50,50,16,16,52,71
2013,0,50,85,85,85,85,50,50,85,85,50,85,85,85,85,1,85,85,100,85
2014,0,69,49,51,80,50,51,61,70,50,61,70,50,71,51,41,42,60,92,50
2015,0,70,60,50,40,50,70,50,50,50,40,50,40,85,50,50,85,30,50,15
2016,0,50,60,100,100,100,100,15,100,100,100,100,100,15,100,50,100,100,100,1
2017,0,50,40,1,85,30,60,85,60,50,50,60,40,70,50,30,100,15,60,1
2018,0,61,91,97,99,86,70,31,86,73,62,71,85,71,87,2,85,72,99,100
2019,0,1,97,94,82,60,19,10,74,98,1,30,98,64,97,1,94,96,100,98
2020,0,89,55,40,94,86,78,87,89,59,81,80,63,93,82,85,95,66,90,57
2021,0,31,65,32,62,51,43,58,51,84,40,50,39,90,51,86,88,71,62,44
2022,0,20,42,73,65,61,33,66,72,65,69,54,54,38,69,51,73,61,94,4
2023,0,30,85,85,85,85,30,998,70,100,15,50,85,70,100,15,998,85,100,70
2024,0,1,89,70,17,90,52,8,32,100,9,50,80,31,84,16,51,98,75,51
2025,0,40,60,70,60,50,50,40,70,50,40,50,60,85,70,40,70,50,50,40
2026,0,51,59,60,61,51,30,42,64,71,2,52,51,51,52,10,71,92,83,50
2027,2,50,60,50,50,60,50,70,50,50,40,50,100,100,100,50,100,30,85,60
2028,0,50,50,30,40,60,30,60,70,50,40,50,40,70,50,50,70,50,50,50
2029,0,0,85,51,52,0,49,53,52,29,50,14,52,85,61,43,63,41,66,51
2030,0,51,65,54,72,0,64,65,88,60,58,56,62,81,61,56,96,55,94,61
2031,0,71,100,100,85,100,15,100,87,100,41,100,100,100,100,17,100,100,100,86
2032,0,100,85,50,60,85,70,85,70,85,70,85,40,100,100,70,100,70,100,50
2033,0,10,90,10,1,70,90,70,50,90,50,80,90,100,90,30,65,90,90,40
2034,0,40,50,85,60,50,40,40,60,100,60,50,50,60,50,15,70,50,85,60
2035,0,75,51,15,63,81,72,91,73,62,61,61,58,100,78,85,100,50,91,26
2036,0,70,60,40,50,85,30,70,60,85,60,70,70,85,100,40,85,70,85,70
2037,0,30,100,70,70,100,60,85,70,100,65,70,100,85,100,40,100,100,85,60
2038,0,40,85,85,70,70,60,40,85,85,40,60,70,85,100,30,100,70,100,85
2039,0,10,50,85,90,80,20,30,60,60,10,70,70,85,85,20,95,50,95,50
2040,0,70,30,50,50,77,50,70,70,40,31,61,71,85,70,50,70,30,61,51
2041,0,70,44,45,45,61,56,51,59,53,54,54,42,95,53,59,72,31,48,46
2042,0,86,61,55,70,69,70,53,40,1,67,64,70,96,82,41,60,2,59,84
2043,0,30,30,30,15,50,70,50,40,50,1,50,50,50,50,70,60,40,100,40
2044,0,25,30,50,1,50,25,50,50,30,1,50,1,50,50,1,85,1,85,1
2045,0,91,2,1,20,51,21,61,73,2,48,52,1,99,75,55,100,2,75,1
2046,0,30,85,50,50,70,15,50,60,100,50,50,60,100,100,50,85,100,100,100
2047,0,60,50,60,50,60,67,70,60,50,40,50,15,97,70,49,57,50,70,40
2048,0,41,39,50,50,51,40,67,60,50,39,60,35,84,68,60,71,41,51,59
2049,0,1,60,100,70,50,50,50,50,50,1,50,40,50,50,15,70,70,100,70
2050,0,50,50,50,60,60,50,50,50,50,30,60,30,60,50,50,85,50,60,40
2051,0,15,85,70,85,85,60,60,70,85,60,70,85,70,85,15,40,85,60,85
2052,0,1,70,85,60,30,15,15,40,60,40,15,60,1,70,15,70,60,100,30
2053,0,2,99,60,71,100,31,16,41,100,16,85,100,16,100,16,100,100,71,100
2054,0,0,100,100,100,100,40,30,0,85,1,0,85,100,0,1,85,50,100,100
2055,0,60,40,30,60,85,60,70,60,30,30,70,60,85,85,70,85,15,50,1
2056,0,40,77,83,100,77,41,43,78,91,32,39,85,59,69,53,87,90,75,1
2057,1,0,75,0,100,0,0,0,0,100,50,50,70,100,0,100,40,100,0,100
2058,0,40,60,60,60,70,30,60,50,50,30,50,50,70,100,15,85,50,70,60
2059,0,60,60,60,60,100,4,60,60,50,60,15,81,85,85,1,30,50,100,60
2060,0,40,50,70,60,50,40,40,60,50,15,50,50,60,50,30,50,50,50,50
2061,0,40,60,70,85,70,40,40,60,60,40,60,60,60,70,30,70,50,70,60
2062,0,85,85,85,85,85,30,60,70,70,40,40,85,100,85,30,85,50,100,40
2063,0,30,85,85,50,60,40,15,70,70,40,50,40,70,70,15,70,50,85,40
2064,0,50,60,40,70,85,60,70,0,70,70,40,70,70,100,40,85,60,100,70
2065,0,50,50,50,60,70,60,50,50,70,50,50,70,70,70,50,70,70,85,40
2066,0,50,50,50,50,50,50,50,50,50,50,50,50,50,50,50,100,50,50,1
2067,0,998,50,50,30,85,40,50,50,50,30,40,998,40,998,40,40,998,70,998
2068,0,0,0,51,0,85,31,53,50,52,41,0,0,100,0,17,90,0,94,0
2069,0,60,1,15,15,40,40,60,40,50,30,70,50,85,70,70,85,50,50,15
2070,0,50,50,50,60,50,40,15,50,50,50,50,50,50,50,30,50,50,70,60
2071,0,15,1,1,1,50,50,50,50,50,30,70,50,60,60,30,50,50,40,1
2072,0,17,60,60,31,70,50,60,71,71,60,61,70,70,72,51,85,61,70,51
2073,0,10,0,68,82,87,50,66,74,100,74,62,94,47,91,36,93,98,80,68
2074,0,40,50,30,30,60,40,60,60,50,30,50,40,85,50,15,60,50,70,30
2075,0,60,30,40,76,60,8,0,70,50,70,50,50,70,50,15,70,50,85,7
2076,0,85,80,65,65,80,60,50,80,75,60,80,85,90,80,50,80,80,85,90
2077,0,60,40,40,50,60,40,60,40,40,40,40,40,70,50,50,70,1,60,1
2078,0,70,100,85,85,100,100,85,100,100,85,85,85,100,100,60,100,85,100,100
2079,0,70,85,60,70,100,70,85,50,50,40,60,50,100,70,50,60,50,85,50
2080,0,60,15,1,30,100,70,100,60,30,40,70,30,100,70,70,85,1,60,1
2081,0,85,15,40,1,60,40,85,30,50,40,50,60,85,100,85,100,40,50,1
2082,0,10,75,85,50,85,10,10,50,75,75,50,50,50,95,1,50,75,90,95
2083,0,15,83,90,50,85,86,40,40,99,8,85,51,35,95,2,73,94,100,40
2084,0,51,50,52,40,52,51,40,52,51,52,50,51,86,50,50,72,40,61,50
2085,0,50,70,50,40,70,60,50,50,85,40,50,40,60,70,50,85,70,60,60
2086,0,70,50,15,70,60,60,85,50,50,40,60,50,85,60,85,85,50,50,15
2087,0,99,14,16,31,83,69,86,30,16,58,40,40,99,91,84,97,51,84,12
2088,0,85,85,70,50,100,50,85,85,70,15,50,100,50,85,50,100,70,100,50
2089,0,84,4,17,2,50,59,76,40,1,33,61,28,95,79,85,99,1,60,1
2090,0,30,100,40,15,60,70,40,85,100,15,40,100,100,100,15,100,100,100,100
2091,0,70,50,70,100,85,85,70,70,100,70,70,70,100,85,50,100,70,85,15
2092,0,1,30,30,15,50,50,70,40,50,1,50,50,50,50,30,85,50,70,1
2093,0,50,85,100,100,100,15,1,40,70,15,30,70,70,60,1,50,50,100,100
2094,0,15,85,85,70,100,50,15,85,100,40,50,85,50,85,1,70,85,85,85
2095,0,31,61,59,70,41,17,61,25,52,20,29,50,69,69,29,84,51,83,33
2096,0,36,2,1,51,60,61,98,71,69,32,60,1,83,99,71,77,51,60,16
2097,0,70,50,50,60,85,15,70,15,50,60,1,1,100,60,30,100,1,40,70
2098,0,8,70,83,85,50,12,1,64,100,1,41,100,9,100,51,86,99,100,100
2099,0,16,100,100,85,54,51,42,62,85,1,52,51,59,51,1,70,50,85,100
2100,0,30,70,70,50,70,60,60,60,100,60,70,50,85,50,40,85,100,60,70
2101,0,50,60,60,50,60,40,40,50,60,50,40,50,50,50,50,50,50,60,50
2102,0,15,50,30,40,60,70,60,60,50,40,50,50,70,60,60,85,50,60,15
2103,0,30,70,70,40,60,40,15,85,100,40,50,70,70,70,30,100,70,85,70
2104,0,50,6,50,52,100,50,50,50,50,50,50,50,51,50,50,100,50,50,62
2105,0,70,50,40,30,60,70,70,60,50,40,50,40,60,50,40,85,40,70,30
2106,0,30,40,40,85,85,30,40,60,30,15,50,50,100,50,70,100,40,70,15
2107,0,70,70,70,85,100,70,70,85,100,70,60,100,100,100,998,100,100,70,50
2108,0,13,58,1,70,83,84,88,68,98,50,84,1,83,69,16,100,50,69,1
2109,0,3,48,60,1,89,3,49,62,50,31,52,50,61,51,59,70,49,65,3
2110,0,85,45,40,65,85,75,100,85,50,70,85,75,95,85,60,100,55,80,55
2111,0,100,60,60,85,60,50,60,85,15,60,50,40,100,85,60,85,1,85,87
2112,0,15,60,85,60,50,50,30,70,50,50,50,50,70,100,15,60,30,100,60
2113,0,60,85,70,30,85,85,40,85,60,85,85,60,60,70,60,70,50,100,100
2114,0,69,59,40,13,50,57,58,67,49,51,60,51,67,49,50,70,59,67,68
2115,0,50,85,50,50,50,50,50,50,50,50,50,50,50,50,50,85,50,60,50
2116,0,80,85,90,99,92,40,85,70,100,40,51,99,100,100,5,84,100,95,69
2117,0,85,60,15,60,100,85,100,40,30,60,85,70,100,100,85,100,30,100,1
2118,0,71,59,85,89,95,13,34,63,84,38,11,89,84,88,11,89,81,89,61
2119,0,999,50,50,30,85,30,50,50,50,40,50,998,100,70,50,85,40,85,60
2120,0,30,70,85,60,85,60,60,70,85,60,60,70,85,70,30,85,85,70,70
2121,0,99,51,1,51,32,51,1,69,41,41,61,1,99,51,51,96,2,31,1
2122,0,51,47,51,100,69,62,51,86,51,68,39,52,100,50,62,86,50,77,50
2123,0,100,60,30,60,85,100,100,60,60,60,70,0,100,70,85,85,30,60,50
2124,0,1,5,1,1,5,5,5,6,8,7,8,5,5,8,5,9,1,10,1
2125,0,100,1,10,70,100,100,70,90,1,50,100,50,100,100,50,100,1,30,1
2126,0,30,16,100,100,100,69,15,100,100,85,40,100,16,100,30,100,100,100,40
2127,0,85,30,40,50,50,15,30,15,70,15,50,70,85,70,50,15,70,15,15
2128,2,50,1,15,70,50,60,60,70,50,70,85,50,50,50,60,15,50,100,1
2129,0,85,1,1,60,70,50,100,50,1,85,50,40,100,100,50,100,30,50,1
2130,0,40,100,100,85,60,30,1,40,100,1,50,70,70,100,1,85,100,100,40
2131,0,50,50,40,30,60,70,70,40,70,40,50,40,70,85,60,100,50,85,1
2132,0,40,85,70,50,100,30,30,39,50,40,15,50,60,50,15,30,50,100,85
2133,0,50,15,1,15,50,60,85,40,30,70,60,30,85,50,60,100,15,60,1
2134,0,50,40,50,50,70,41,50,50,50,16,50,50,50,50,40,83,50,50,50
2135,0,1,85,85,85,85,40,70,50,100,50,50,85,85,85,1,60,100,70,85
2136,0,50,50,1,50,50,50,1,50,50,30,50,50,50,50,50,100,50,50,1
2137,0,90,5,15,20,50,50,85,33,20,70,65,20,90,70,90,50,5,50,15
2138,0,70,60,60,30,85,60,60,70,70,40,60,70,70,70,40,85,70,70,70
2139,0,15,50,15,40,85,50,60,50,85,60,50,1,60,85,50,85,85,85,70
2140,4,50,50,50,70,60,70,70,85,50,70,40,50,70,70,85,60,50,60,999
2141,0,60,40,40,50,85,30,50,50,50,50,50,50,85,50,50,85,50,50,15
2142,0,70,60,70,60,70,15,40,70,50,15,70,1,70,70,1,15,50,85,1
2143,0,30,50,85,60,50,50,30,60,50,40,50,50,85,50,1,70,50,85,85
2144,0,15,70,60,85,70,15,15,70,70,15,70,70,70,70,1,60,85,70,70
2145,0,1,100,100,100,100,15,30,70,100,30,70,100,61,100,1,85,100,100,70
2146,0,30,70,40,100,50,40,40,70,40,15,15,15,998,60,30,85,30,60,30
2147,0,30,85,51,70,59,60,71,98,50,29,83,84,84,82,50,97,70,84,70
2148,0,100,15,1,15,85,60,60,60,50,60,60,40,100,100,60,100,50,50,1
2149,0,100,50,100,50,50,50,40,50,85,50,85,50,100,50,15,100,50,100,50
2150,0,0,50,50,0,75,40,50,30,50,5,0,0,75,0,0,85,50,0,30
2151,0,50,60,85,40,60,40,60,60,60,1,50,60,60,60,50,70,60,60,40
2152,0,40,60,60,70,50,30,50,50,60,30,50,50,60,50,60,85,50,70,50
2153,0,100,50,1,85,85,100,100,50,50,100,85,1,100,100,1,100,50,100,1
2154,0,85,51,41,60,70,56,65,41,40,61,60,50,85,67,85,66,51,61,5
2155,0,85,50,70,50,70,65,50,70,50,70,70,50,100,75,50,85,50,65,1
2156,0,1,100,100,60,50,1,1,40,100,15,50,50,40,100,1,70,100,100,100
2157,0,40,70,60,60,50,70,50,70,70,40,50,50,85,70,50,70,60,70,60
2158,0,61,50,51,17,50,31,50,78,50,56,50,50,91,51,51,56,50,79,50
2159,0,60,60,50,60,85,85,60,85,50,85,60,60,85,60,50,70,60,60,100
2160,0,60,30,30,70,50,15,7,70,50,30,50,1,100,50,60,100,50,100,40
2161,0,50,50,50,50,50,50,50,85,85,70,50,50,85,84,50,85,50,85,50
2162,0,100,85,100,50,100,60,85,50,100,30,70,100,85,100,40,85,100,100,100
2163,0,67,72,64,54,87,75,63,69,74,51,68,86,86,71,69,48,91,99,84
2164,0,40,50,60,50,60,60,40,60,50,15,50,60,70,70,1,70,50,85,50
2165,0,70,15,30,70,85,60,70,85,40,60,70,70,100,100,50,70,30,70,60
2166,0,50,50,1,30,50,50,100,50,100,1,50,50,100,100,100,100,50,100,1
2167,0,40,45,45,50,70,35,45,50,80,55,40,60,40,70,50,55,80,60,30
2168,0,50,50,50,50,50,50,50,85,50,50,50,50,85,50,0,85,40,50,50
2169,0,69,1,30,46,66,46,98,41,52,60,50,67,98,63,0,82,46,64,27
2170,0,60,60,60,85,85,15,85,70,70,70,70,15,100,70,40,85,70,100,60
2171,0,50,50,55,52,51,31,51,50,51,31,47,51,50,51,30,50,50,51,49
2172,0,70,40,70,30,100,100,100,60,60,60,85,70,100,85,100,100,50,85,15
2173,0,47,98,80,79,87,41,40,87,98,71,50,88,92,99,4,93,89,77,50
2174,0,29,57,77,50,71,45,2,24,60,1,23,51,62,51,4,31,52,78,86
2175,0,59,51,1,41,61,70,100,51,1,41,50,1,100,1,59,60,1,15,16
2176,0,30,60,70,85,70,30,30,70,85,50,30,60,50,70,15,85,85,85,40
2177,0,87,40,33,82,81,62,32,50,78,40,69,50,100,87,50,71,70,100,15
2178,0,15,85,70,50,85,50,30,60,50,15,50,50,50,50,15,50,50,85,50
2179,0,2,84,61,17,86,71,60,69,100,61,61,42,16,50,52,61,86,84,85
2180,0,85,1,30,30,85,85,85,70,85,30,85,85,100,100,100,100,85,85,1
2181,0,40,50,70,70,100,50,70,60,50,40,85,70,70,70,40,50,85,85,70
2182,0,70,8,15,25,59,50,75,69,49,60,61,59,71,55,52,72,42,56,1
2183,0,50,50,50,60,70,50,50,60,50,60,50,50,85,60,60,70,50,70,50
2184,2,50,50,30,30,15,30,60,70,50,50,60,30,70,60,40,100,50,100,15
2185,0,50,60,85,70,100,70,100,85,100,70,85,100,100,100,60,85,100,100,85
2186,0,70,40,15,30,50,40,85,40,50,40,30,70,100,50,60,70,50,60,40
2187,0,85,85,85,60,85,70,60,60,70,40,70,85,85,70,40,85,70,70,85
2188,0,40,85,90,80,85,30,30,80,100,40,50,85,70,100,1,60,90,90,75
2189,0,1,100,30,30,60,60,40,60,50,60,50,40,40,40,40,85,50,100,50
2190,0,50,30,1,1,50,50,100,40,50,30,50,1,100,100,50,100,50,50,1
2191,0,85,85,85,1,85,40,60,1,85,60,85,85,85,85,70,85,85,85,85
2192,0,100,1,80,100,100,100,80,100,8,100,10,80,100,100,100,90,10,90,100
2193,0,100,70,15,50,85,50,15,50,1,1,15,50,100,85,50,1,1,100,70
2194,0,40,30,1,70,30,30,70,50,1,50,60,70,40,50,1,30,1,50,40
2195,0,60,50,15,40,70,85,100,60,50,60,50,30,85,85,85,85,50,60,1
2196,0,1,96,85,71,50,1,16,55,100,17,31,85,70,80,1,60,99,100,95
2197,0,40,70,70,100,85,40,50,70,70,70,50,70,85,85,50,85,50,85,100
2198,0,20,1,1,20,85,50,85,50,85,20,85,30,85,60,85,85,80,85,1
2199,0,40,100,70,60,100,30,1,40,100,40,50,100,70,100,50,40,100,100,100
2200,0,50,50,40,50,50,50,50,50,50,30,50,40,50,50,40,85,50,70,50
2201,0,50,50,50,85,70,50,85,50,50,60,50,50,50,50,50,85,50,60,50
2202,0,85,50,50,50,70,60,60,60,100,60,15,50,85,85,50,100,100,50,15
2203,0,50,40,15,50,50,60,85,60,30,60,50,50,50,50,60,85,30,85,1
2204,0,30,60,50,40,70,30,50,60,70,30,30,60,70,70,15,70,70,100,70
2205,0,50,50,50,55,65,40,50,50,50,50,60,50,50,50,50,85,44,60,30
2206,0,85,60,60,60,85,60,60,70,70,40,85,60,85,85,40,100,70,100,40
2207,0,86,16,1,60,70,71,98,84,26,16,70,2,99,85,31,98,2,99,1
2208,0,16,41,50,50,60,41,30,51,51,30,41,51,51,51,16,41,50,60,41
2209,0,100,100,50,70,100,60,50,60,100,40,100,60,100,100,50,85,100,100,40
2210,0,44,79,86,72,80,50,64,59,75,67,64,63,65,75,40,74,77,78,78
2211,0,15,40,60,30,100,60,85,50,50,1,15,70,85,70,60,85,1,100,40
2212,0,15,76,76,75,57,30,30,27,95,33,42,75,13,98,15,76,96,98,70
2213,0,1,85,100,60,50,15,30,60,60,15,50,50,30,60,30,60,60,60,50
2214,0,15,100,80,60,60,30,40,60,80,30,40,50,60,85,1,70,60,85,90
2215,0,50,50,60,40,15,60,50,50,50,30,50,1,60,50,40,70,40,60,15
2216,0,50,50,50,85,70,40,50,70,50,40,50,30,85,50,60,70,15,70,30
2217,0,70,100,85,100,70,40,40,50,100,40,50,100,100,100,60,30,100,60,100
2218,0,85,40,40,40,85,40,60,60,60,40,40,30,100,70,40,85,70,50,1
2219,0,15,100,85,85,50,40,15,85,100,60,50,100,100,100,1,70,100,100,85
2220,0,1,100,50,40,85,30,1,40,85,1,50,70,70,100,1,50,50,85,50
2221,0,50,50,1,60,100,50,85,100,100,1,50,40,100,100,60,100,50,100,1
2222,0,15,85,70,70,70,30,15,40,100,40,70,85,70,85,1,70,70,100,100
2223,0,40,50,40,50,60,60,40,60,70,40,60,50,50,50,60,85,50,85,50
2224,0,55,60,60,55,85,70,75,55,60,30,65,60,95,80,80,70,50,85,30
2225,0,50,50,15,60,70,50,70,40,30,1,50,1,85,50,1,60,1,60,1
2226,0,50,40,40,50,50,50,60,50,30,15,40,50,60,50,50,60,30,70,40
2227,0,1,33,19,18,52,51,51,42,70,15,51,17,32,60,28,86,51,51,2
2228,0,50,70,70,85,100,60,60,70,85,40,70,85,85,85,50,85,85,85,85
2229,0,51,88,88,92,91,32,87,74,96,17,91,90,91,91,42,79,95,93,76
2230,0,70,85,70,70,85,85,70,100,85,70,50,85,85,85,50,85,85,85,70
2231,0,95,16,49,32,94,51,30,93,54,89,11,50,67,53,53,88,49,91,81
2232,0,51,95,50,84,94,58,50,70,97,25,49,48,65,68,58,74,85,95,45
2233,0,50,80,75,90,75,50,20,100,70,50,50,50,50,50,1,99,50,80,50
2234,0,40,100,85,70,50,30,50,60,85,70,50,70,50,70,50,70,70,85,70
2235,0,70,30,15,1,60,50,85,50,30,30,60,1,100,60,70,85,50,70,1
2236,0,50,70,60,85,85,30,70,85,30,60,30,60,70,100,50,100,50,85,85
2237,0,50,30,30,70,50,60,85,30,50,60,50,30,100,50,60,100,1,70,1
2238,0,72,50,15,16,85,69,86,71,50,50,72,30,79,70,86,99,61,84,41
2239,0,70,15,70,70,70,70,70,70,85,70,30,1,100,36,70,60,85,85,100
2240,0,50,70,50,50,50,50,50,70,50,40,50,50,50,50,50,70,50,70,50
2241,0,50,100,50,100,85,40,50,40,85,50,70,70,60,70,15,70,70,100,50
2242,0,998,70,85,85,85,60,85,40,70,60,60,60,100,998,998,85,40,85,100
2243,0,85,85,50,50,100,15,50,70,30,70,50,50,100,100,50,30,30,70,100
2244,0,50,1,1,1,50,85,100,1,50,1,85,30,60,100,60,100,1,30,1
2245,0,67,60,37,31,60,85,85,76,50,34,52,42,100,86,60,93,51,97,32
2246,0,1,85,1,50,50,60,100,70,100,70,70,1,100,1,100,60,50,100,1
2247,0,100,60,30,50,60,40,75,50,40,48,45,40,100,75,50,77,45,70,35
2248,0,1,85,60,15,60,40,40,40,50,15,40,40,60,40,1,60,50,70,1
2249,0,40,50,50,50,60,40,50,50,40,40,40,50,60,50,50,40,40,60,70
2250,0,3,85,99,99,80,16,15,30,85,12,31,78,41,81,2,40,51,99,85
2251,0,85,50,60,70,85,60,85,60,50,70,85,50,100,85,40,85,50,85,40
2252,0,70,30,60,85,70,40,85,70,60,50,40,60,70,60,50,60,50,60,70
2253,0,85,70,70,50,100,85,100,85,85,85,70,100,100,100,85,85,85,100,30
2254,0,100,85,40,100,70,100,50,100,50,85,60,85,100,100,100,85,15,100,100
2255,0,30,30,48,60,60,40,48,40,50,30,50,50,50,50,40,60,50,100,40
2256,0,43,46,43,52,79,29,65,75,72,34,60,41,72,51,53,84,64,88,19
2257,0,1,94,86,91,71,42,4,61,99,4,51,52,41,99,3,71,89,89,61
2258,0,85,30,15,60,85,70,85,40,30,15,70,70,100,85,60,100,15,70,40
2259,0,50,50,60,70,60,40,50,70,50,60,60,50,70,50,50,85,50,60,40
2260,0,71,99,1,50,1,1,1,1,98,1,63,70,98,85,1,62,71,63,100
2261,0,15,85,85,30,85,40,15,60,85,15,40,85,70,85,15,85,70,85,70
2262,0,85,83,32,68,90,70,62,70,52,69,50,66,96,68,60,15,52,80,100
2263,0,40,85,85,85,100,70,15,60,100,30,85,100,50,100,1,85,100,85,70
2264,0,50,40,15,30,60,50,70,50,50,40,50,30,50,50,70,100,50,50,15
2265,0,50,15,100,100,100,15,50,85,100,60,50,100,100,100,50,100,100,100,50
2266,0,30,50,30,50,70,60,60,60,50,15,40,50,70,50,15,85,50,60,15
2267,0,50,50,50,30,50,15,50,40,40,30,50,70,85,85,50,85,40,85,40
2268,0,50,1,6,6,98,50,91,2,50,29,50,1,99,96,59,97,1,85,1
2269,0,100,50,1,1,85,70,100,50,1,50,85,50,100,100,70,100,1,100,1
2270,0,100,50,15,50,100,85,100,60,50,60,85,50,100,100,70,85,1,85,15
2271,0,50,10,7,30,70,60,100,54,50,48,61,15,50,50,95,85,50,98,1
2272,0,35,83,71,53,77,40,62,66,81,46,54,51,66,80,34,67,72,85,40
2273,0,70,70,15,50,85,50,100,70,40,60,50,40,100,85,85,85,40,85,15
2274,0,60,100,70,70,100,0,40,0,60,0,0,60,70,85,1,70,70,85,100
2275,0,15,100,100,85,70,40,15,70,85,60,50,85,50,100,10,70,85,85,85
2276,0,95,25,4,10,57,67,76,35,4,10,47,7,92,64,68,80,7,49,51
2277,0,1,85,80,60,100,40,40,85,85,40,50,75,60,70,15,85,50,100,50
2278,0,15,50,46,56,50,64,39,33,51,13,49,50,51,50,13,71,50,78,40
2279,0,50,60,70,60,70,70,50,60,70,50,70,60,80,70,15,60,70,80,70
2280,0,40,60,60,40,70,30,50,50,100,50,50,100,100,100,40,70,100,100,70
2281,0,58,55,46,35,45,67,53,73,47,48,60,55,78,60,38,64,45,68,45
2282,0,85,70,15,15,60,40,60,85,1,70,60,1,100,60,60,85,15,50,1
2283,0,60,60,30,70,60,50,60,60,60,60,60,50,85,60,60,70,50,100,60
2284,0,31,16,16,16,85,75,100,95,50,50,51,50,100,100,85,100,50,71,1
2285,0,1,100,85,85,70,1,1,30,100,30,1,100,30,100,1,1,100,30,100
2286,0,62,32,1,17,86,72,98,62,51,17,86,1,72,72,87,87,42,42,3
2287,0,100,1,50,30,100,30,70,15,50,60,50,50,100,100,50,100,50,50,1
2288,0,70,50,15,50,100,85,70,100,1,85,50,1,100,15,50,70,1,100,30
2289,0,100,75,10,100,100,25,100,75,100,20,80,100,100,100,60,100,100,100,1
2290,0,40,50,50,50,85,50,50,50,40,30,50,50,85,50,50,85,40,85,30
2291,0,50,40,40,40,60,50,70,60,50,50,50,60,75,75,60,75,60,75,15
2292,0,25,63,40,36,70,39,55,62,50,35,74,1,63,66,70,81,44,85,8
2293,0,1,41,28,69,94,5,31,52,99,7,85,91,26,97,1,91,93,96,51
2294,0,32,41,50,51,52,85,52,74,52,87,50,3,51,53,53,89,4,85,18
2295,0,30,70,70,50,100,40,60,60,100,15,40,70,85,85,1,60,100,100,70
2296,0,51,1,1,2,99,99,99,16,86,1,100,17,99,100,85,100,51,51,1
2297,0,3,2,2,7,100,1,4,2,16,1,3,1,17,2,100,6,3,99,2
2298,0,60,30,1,60,50,30,85,60,40,60,50,15,100,85,60,100,40,60,15
2299,0,30,70,60,40,60,50,50,50,100,40,50,70,70,100,50,70,100,75,75
2300,0,16,48,46,50,60,61,83,50,33,60,61,30,97,49,51,82,3,74,2
2301,0,85,17,17,50,90,51,90,85,1,85,50,30,100,66,75,100,51,75,16
2302,0,100,85,30,1,85,15,85,60,50,40,60,50,85,100,85,70,50,70,60
2303,0,40,40,40,50,85,70,60,50,85,70,70,60,70,85,50,85,50,85,50
2304,0,85,25,25,2,72,50,83,31,71,87,71,60,95,70,43,98,50,40,2
2305,0,15,85,60,40,50,40,30,50,70,40,50,50,50,70,15,50,60,85,70
2306,0,999,50,50,70,50,60,50,60,40,40,50,50,50,50,50,70,50,70,50
2307,0,41,52,41,61,55,57,50,40,51,40,50,31,85,51,40,71,47,62,2
2308,0,70,85,85,60,100,60,70,50,100,85,85,70,85,70,85,100,70,100,85
2309,0,0,75,52,53,56,5,53,12,0,1,53,51,86,56,1,55,52,53,100
2310,0,40,50,50,85,100,70,50,60,50,50,50,100,50,50,15,15,50,85,100
2311,0,30,50,50,40,70,40,40,70,50,40,50,60,60,70,30,70,50,50,50
2312,4,17,100,64,53,72,59,49,42,99,53,51,55,31,65,52,72,87,87,84
2313,0,15,15,15,40,70,50,40,60,50,30,70,40,60,40,1,60,30,70,1
2314,0,100,70,60,85,85,85,85,60,30,60,85,30,100,85,1,100,1,85,1
2315,0,15,99,100,60,85,1,30,60,85,30,60,88,70,86,15,70,70,85,85
2316,0,32,31,52,1,70,42,51,80,52,87,40,54,99,51,51,100,52,16,17
2317,0,15,100,100,70,100,15,30,70,100,30,50,100,85,100,1,85,100,100,85
2318,0,998,50,15,40,100,40,50,40,70,50,50,998,0,998,998,998,998,50,999
2319,0,60,60,60,50,60,60,50,60,60,60,40,60,70,50,50,100,60,85,50
2320,0,60,50,30,40,70,85,85,60,50,15,70,40,85,70,60,100,50,85,40
2321,0,70,70,85,85,85,85,70,85,70,85,85,70,100,85,85,85,85,85,70
2322,0,40,1,1,40,100,50,70,50,50,1,60,30,100,50,50,100,50,85,1
2323,0,30,50,70,60,70,40,50,60,60,1,50,50,85,70,15,85,50,70,40
2324,0,100,50,1,50,90,80,90,50,1,15,75,12,100,100,50,95,1,60,1
2325,0,40,85,100,85,85,15,1,85,100,1,50,70,85,85,1,40,85,100,100
2326,0,60,40,1,50,50,40,85,60,15,40,50,15,70,85,60,100,15,70,1
2327,0,70,50,15,50,85,40,60,40,70,15,50,60,85,85,85,85,40,100,1
2328,0,40,40,50,50,70,40,50,60,85,50,40,60,100,70,50,100,50,70,60
2329,0,70,998,60,60,85,50,70,70,15,60,70,60,100,70,60,85,15,85,40
2330,0,40,50,15,60,70,50,60,50,40,70,1,1,60,999,999,30,40,70,1
2331,0,100,50,40,50,60,70,85,70,85,40,50,85,100,100,85,85,85,70,1
2332,0,85,50,5,40,60,75,90,60,40,55,50,60,95,70,60,90,40,60,1
2333,0,60,50,50,50,70,60,60,70,60,70,60,70,60,60,50,60,60,100,40
2334,0,1,70,70,40,85,60,30,85,98,30,60,70,61,100,1,30,98,100,70
2335,0,15,60,40,60,70,15,30,60,100,15,40,70,15,50,1,85,85,100,15
2336,0,50,55,40,30,95,50,70,65,60,1,50,45,95,90,80,75,40,100,10
2337,0,1,100,100,90,75,1,1,50,100,15,40,97,30,50,1,90,100,95,100
2338,0,40,40,50,15,70,85,40,30,50,15,15,1,60,15,15,50,30,60,40
2339,0,60,60,60,70,85,100,60,60,85,30,60,50,85,100,50,85,70,70,85
2340,0,50,60,60,60,50,50,50,50,60,30,50,60,60,70,15,60,60,70,60
2341,0,100,85,100,100,100,30,40,50,85,40,50,85,100,100,40,100,85,100,85
2342,0,40,70,48,85,70,40,61,70,85,70,72,70,71,85,50,100,52,85,1
2343,0,50,50,50,50,100,60,50,50,50,50,15,50,85,50,50,85,50,100,100
2344,0,50,50,50,60,85,40,50,70,60,70,50,50,85,85,85,85,30,0,40
2345,0,50,55,5,40,50,80,80,80,50,40,50,50,50,30,60,100,30,100,1
2346,0,50,50,50,50,50,85,50,85,50,85,85,50,70,70,60,70,60,85,70
2347,0,30,30,15,30,50,85,85,70,50,70,50,30,85,50,50,70,40,50,50
2348,0,80,10,25,10,60,70,80,75,40,25,80,40,60,60,40,85,50,55,5
2349,0,60,50,50,29,82,59,49,61,16,61,68,51,100,70,47,85,16,60,51
2350,0,1,70,30,60,50,40,70,85,85,30,50,70,85,100,40,100,85,85,1
2351,0,50,50,1,50,0,60,100,50,0,1,70,1,50,30,60,85,50,85,1
2352,0,20,85,85,50,85,60,30,70,80,30,60,70,60,85,10,90,75,100,70
2353,0,31,61,16,85,70,16,41,16,61,1,31,17,16,31,1,16,16,85,60
2354,0,51,84,73,54,70,70,68,73,57,45,71,57,74,84,48,85,57,85,77
2355,0,50,60,60,15,85,70,85,60,50,60,70,50,100,85,60,85,50,85,70
2356,0,70,15,30,15,50,85,70,70,50,60,50,100,100,100,60,85,50,50,1
2357,0,0,50,60,40,60,30,40,40,50,40,60,60,60,50,0,60,50,60,60
2358,0,23,45,29,30,68,65,65,62,98,31,51,47,80,80,39,70,99,70,26
2359,0,30,60,70,85,50,50,30,40,60,50,50,50,50,50,50,50,60,85,30
2360,0,50,100,70,70,100,60,40,70,100,15,85,100,100,100,70,60,100,100,100
2361,0,60,50,50,70,60,85,60,70,50,60,60,50,70,60,30,85,50,70,60
2362,0,84,90,95,71,95,61,65,96,100,92,60,98,100,100,79,86,100,95,93
2363,0,1,40,40,30,60,40,15,30,50,1,40,50,50,50,1,15,50,60,70
2364,0,50,70,60,50,70,60,40,50,70,50,70,85,60,70,50,70,60,85,85
2365,0,84,60,51,99,70,50,60,50,71,50,50,39,99,61,50,84,50,85,31
2366,0,1,50,1,1,50,1,1,1,50,1,50,1,1,50,50,50,50,50,1
2367,0,86,4,3,98,64,66,69,63,8,71,62,16,82,69,60,100,2,65,1
2368,0,69,70,2,1,70,50,98,72,30,60,50,50,97,60,50,85,33,72,50
2369,0,50,50,1,16,85,60,90,35,75,20,70,1,100,80,75,85,50,85,1
2370,0,30,60,70,50,70,30,60,85,100,40,40,85,70,100,30,85,85,100,70
2371,0,61,17,41,42,84,41,30,62,3,86,71,2,100,85,70,85,15,69,51
2372,0,1,60,70,70,85,1,15,85,100,60,30,15,85,100,15,40,100,85,40
2373,0,40,85,70,50,100,40,85,85,100,70,85,100,70,100,50,85,100,100,85
2374,0,70,100,85,70,100,40,60,100,100,30,85,85,100,100,40,100,100,100,70
2375,0,50,50,30,40,50,85,85,50,50,50,50,50,50,50,50,70,50,70,50
2376,0,70,85,60,40,60,40,40,60,85,55,50,45,85,85,60,100,60,85,30
2377,0,0,60,60,0,50,25,0,40,100,0,60,60,86,50,0,70,70,85,100
2378,0,16,96,70,55,60,31,64,65,98,10,61,84,66,86,28,53,86,93,40
2379,0,40,53,86,100,66,53,51,54,54,31,51,55,97,72,41,99,51,54,53
2380,0,50,50,40,50,60,50,60,50,50,50,50,50,50,50,50,50,50,60,40
2381,0,50,50,60,50,60,60,60,60,85,40,60,60,85,70,40,70,50,85,50
2382,0,50,100,85,100,100,30,1,50,100,50,50,100,50,100,50,30,100,100,100
2383,0,1,70,85,70,70,5,1,10,70,2,40,70,71,70,6,70,100,85,70
2384,0,50,60,70,50,85,15,60,85,1,60,50,50,70,50,1,85,1,100,60
2385,0,1,85,100,100,100,1,60,1,100,1,40,100,15,100,1,40,100,100,100
2386,0,30,85,85,85,86,50,17,50,85,30,50,85,85,85,10,40,85,85,85
2387,0,50,50,50,40,85,40,50,40,30,40,50,60,100,60,50,85,59,50,85
2388,0,60,70,60,40,85,40,60,70,50,40,60,60,100,100,60,85,1,85,15
2389,0,1,95,95,50,70,45,5,45,90,1,45,65,50,90,1,60,85,95,85
2390,0,85,1,1,30,100,60,100,70,1,70,100,30,100,85,100,100,1,70,1
2391,0,50,50,85,50,100,85,85,100,100,100,85,50,50,50,70,100,100,100,85
2392,0,2,50,69,70,60,22,37,50,91,51,0,48,70,51,0,85,99,51,71
2393,0,40,70,60,70,100,30,60,85,100,50,60,100,85,100,70,100,100,85,70
2394,0,1,60,60,100,100,50,50,70,100,40,50,100,100,100,50,70,100,100,40
2395,0,50,50,50,50,50,50,50,50,50,50,40,50,50,50,50,50,50,50,40
2396,0,50,70,52,51,63,31,39,85,87,81,49,51,90,53,38,84,88,87,18
2397,0,100,1,1,1,85,85,100,50,1,50,70,50,100,100,1,100,1,100,50
2398,1,70,40,70,50,100,70,60,85,30,50,50,60,85,40,5,85,60,100,100
2399,0,20,100,100,80,50,40,10,50,100,1,50,50,40,50,1,80,100,100,100
2400,0,15,100,85,50,100,40,30,70,100,30,50,100,50,100,1,85,100,100,100
2401,0,90,1,1,40,50,50,66,50,1,50,50,45,100,50,80,90,1,50,1
2402,0,70,2,1,69,86,86,97,61,2,17,85,15,98,98,99,98,2,99,3
2403,0,1,1,1,96,51,41,70,17,51,15,74,1,51,53,2,83,1,98,1
2404,0,79,95,92,90,93,41,75,51,91,51,51,90,72,92,16,85,90,97,95
2405,0,70,50,50,50,50,50,90,60,50,35,50,50,50,50,65,100,50,50,1
2406,0,15,40,70,60,50,30,40,60,85,30,30,50,40,70,1,40,70,85,70
2407,1,50,85,85,85,85,70,85,70,85,60,85,85,85,85,50,85,85,85,85
2408,0,40,42,50,51,70,42,51,50,30,41,31,51,50,52,15,52,40,52,41
2409,0,30,51,60,70,50,41,41,70,62,55,55,51,56,57,50,70,50,85,66
2410,0,52,41,33,39,60,26,61,52,53,51,51,39,84,84,1,89,51,59,1
2411,0,70,85,86,89,70,16,61,86,86,30,30,71,92,86,51,85,72,90,71
2412,0,50,50,1,50,70,50,85,40,70,50,50,50,70,50,50,85,50,50,15
2413,0,88,95,87,54,100,73,91,81,91,62,84,83,91,88,89,100,90,99,9
2414,0,50,15,30,40,85,70,70,70,85,50,60,50,85,85,50,100,85,85,1
2415,0,40,70,85,70,100,30,70,100,100,70,85,100,100,40,40,100,100,100,100
2416,0,60,51,16,17,58,43,60,73,51,50,45,40,75,50,43,69,50,77,41
2417,0,40,60,50,40,60,50,85,60,70,40,50,50,100,70,50,100,50,85,60
2418,0,40,60,75,60,50,45,30,60,75,40,50,40,75,60,1,20,50,85,50
2419,0,15,70,15,85,85,85,60,30,50,15,15,50,50,50,85,1,70,20,50
2420,0,51,57,50,32,84,50,49,41,83,32,84,50,52,84,31,85,83,70,12
2421,0,40,40,70,60,50,40,30,60,70,60,30,60,50,50,50,70,40,70,50
2422,0,85,24,1,70,85,85,91,5,15,68,85,15,90,91,90,91,5,85,1
2423,0,56,42,45,54,85,50,53,60,50,51,50,67,88,85,49,69,59,81,62
2424,0,50,1,85,100,100,85,1,100,1,85,1,70,100,30,60,85,1,100,999
2425,0,50,60,70,85,85,85,70,85,85,85,85,70,85,85,50,85,85,85,70
2426,0,30,70,70,60,60,40,30,60,70,40,40,60,50,70,15,60,70,70,40
2427,0,100,70,30,70,70,60,100,85,60,60,70,1,100,85,100,85,70,100,85
2428,0,60,70,70,85,70,50,40,70,100,50,70,100,100,100,50,100,70,100,70
2429,0,85,70,50,85,85,70,70,85,50,30,60,1,100,85,50,100,1,60,1
2430,0,100,38,2,70,65,39,91,41,61,40,82,1,98,42,61,71,40,40,15
2431,0,16,50,50,40,50,50,60,50,51,30,50,50,50,51,1,70,50,50,50
2432,0,70,60,60,85,100,40,60,100,60,70,50,85,100,85,60,85,60,85,100
2433,0,15,70,60,60,50,30,40,60,50,30,15,40,50,50,15,60,50,85,70
2434,0,1,100,30,100,100,1,1,15,100,1,40,100,15,100,1,30,100,30,70
2435,0,100,70,50,85,85,50,60,30,85,40,40,70,100,50,70,60,50,100,85
2436,0,60,70,50,50,85,999,30,70,85,30,40,85,50,85,60,50,70,85,40
2437,0,70,1,29,61,71,60,89,14,38,13,70,40,90,84,85,92,3,71,2
2438,0,85,40,60,40,70,40,60,60,50,15,60,40,100,85,60,85,50,70,40
2439,0,1,100,100,100,100,85,1,40,100,1,30,100,30,100,1,15,100,100,100
2440,0,85,100,100,85,100,100,100,100,1,100,70,0,100,85,50,100,1,100,85
2441,0,1,1,1,50,40,1,1,40,50,40,50,50,50,50,1,100,50,40,1
2442,0,40,70,60,40,85,30,40,70,70,30,50,85,85,85,1,60,70,85,70
2443,0,40,85,85,70,85,60,60,70,85,40,70,85,85,100,30,85,85,85,85
2444,0,85,40,40,15,50,60,70,60,15,60,50,15,85,50,50,85,15,85,50
2445,0,15,85,100,85,85,1,1,30,85,1,40,70,40,70,1,85,85,100,85
2446,0,1,100,85,85,100,40,1,70,85,15,30,60,40,70,1,70,70,100,85
2447,1,70,1,15,40,85,40,60,60,70,15,40,40,60,30,30,60,60,60,70
2448,0,40,50,85,85,50,40,30,30,50,15,50,100,85,100,70,40,50,100,100
2449,0,1,85,70,50,70,1,30,40,85,40,70,70,40,50,50,30,60,100,15
2450,0,65,61,50,50,71,64,41,71,33,72,60,72,99,99,0,80,18,70,99
2451,0,70,85,85,70,85,72,70,70,70,70,70,60,100,85,70,70,60,85,85
2452,1,60,50,50,60,100,50,1,70,50,70,50,50,100,50,50,100,50,1,70
2453,0,100,15,1,15,50,15,100,15,50,15,50,1,100,100,85,100,50,50,1
2454,0,1,100,100,100,71,1,16,71,100,1,70,85,86,100,1,85,100,100,92
2455,0,60,60,15,60,85,50,70,40,60,30,60,60,100,85,60,100,60,85,1
2456,0,54,31,3,37,66,65,75,70,50,67,73,40,51,60,59,71,50,92,16
2457,0,1,50,60,60,70,40,30,70,50,30,60,50,50,50,1,70,50,70,60
2458,0,2,15,45,40,50,40,15,70,50,15,45,50,45,50,10,50,40,85,15
2459,0,59,50,40,61,100,31,41,41,51,30,41,100,100,61,30,31,70,70,85
2460,0,60,50,15,100,100,70,100,70,50,70,40,50,85,85,70,100,50,60,1
2461,0,56,49,45,54,50,42,44,78,93,46,27,50,88,73,45,90,78,33,69
2462,0,85,85,50,85,100,50,85,1,50,1,50,50,100,50,85,85,50,100,85
2463,0,85,70,60,100,85,60,50,60,70,70,50,70,100,85,50,100,1,100,85
2464,0,1,60,60,70,60,1,15,40,60,40,15,50,30,50,50,60,50,85,85
2465,0,50,15,10,25,50,75,85,65,50,30,50,50,100,85,50,85,50,50,0
2466,0,85,60,30,60,15,60,85,100,1,70,60,30,100,1,998,50,70,85,1
2467,0,49,60,51,51,60,62,48,48,91,50,49,71,83,49,51,23,95,66,100
2468,0,50,30,1,100,40,40,50,70,40,15,40,30,85,70,50,100,30,100,1
2469,0,54,100,50,84,100,55,52,43,97,50,15,96,53,95,61,82,90,80,100
2470,0,85,31,14,31,84,29,42,29,59,46,32,60,85,87,69,86,61,39,70
2471,0,31,69,87,76,72,49,42,48,80,17,53,85,50,83,22,61,80,100,49
2472,0,16,87,58,71,72,64,84,69,82,38,42,40,79,42,76,91,82,85,78
2473,0,50,50,50,50,50,50,50,50,50,60,50,85,50,50,50,70,50,85,85
2474,0,85,40,15,50,100,85,85,40,40,50,85,50,100,85,60,100,40,85,1
2475,0,1,92,86,100,85,1,43,40,100,8,17,100,53,100,11,22,95,99,89
2476,0,1,51,71,78,85,40,71,41,100,30,70,51,51,100,31,77,100,100,41
2477,0,30,85,75,70,95,30,40,90,90,40,30,90,60,95,10,70,98,90,90
2478,0,30,60,40,50,60,30,40,50,60,30,50,50,60,60,1,60,50,85,50
2479,0,49,16,16,32,0,0,69,84,62,62,0,50,70,0,70,70,0,72,0
2480,0,100,15,1,50,100,1,86,40,40,62,100,100,100,100,62,85,1,18,100
2481,0,60,15,40,15,85,85,85,70,50,30,70,60,85,85,60,0,50,70,1
2482,0,85,54,25,73,60,42,51,52,55,29,64,53,92,54,40,84,23,81,1
2483,0,70,87,83,83,98,61,17,40,84,32,99,15,59,99,39,100,70,69,39
2484,0,85,18,30,41,91,61,98,71,40,61,75,70,100,98,71,86,40,86,41
2485,0,1,100,70,40,70,30,1,50,85,15,70,70,50,85,1,40,50,50,100
2486,0,60,85,60,70,100,85,60,85,70,50,60,70,70,85,70,100,70,85,85
2487,0,100,40,29,30,61,50,86,69,50,61,51,51,100,94,61,84,52,32,1
2488,0,52,50,40,50,73,50,61,49,51,41,51,51,87,50,51,85,51,82,60
2489,0,0,70,60,50,85,50,40,70,100,15,70,70,100,85,50,85,50,85,15
2490,0,15,80,75,60,74,61,16,70,85,60,75,80,70,85,70,80,80,95,40
2491,0,70,1,1,40,85,15,50,30,1,15,30,40,85,85,30,100,40,40,1
2492,0,70,40,40,40,100,15,100,40,50,40,100,50,100,100,100,50,15,100,30
2493,0,70,70,65,80,85,55,70,65,50,65,50,50,80,50,75,75,50,85,50
2494,0,49,82,75,60,70,50,51,50,94,50,73,98,87,100,50,69,86,58,50
2495,0,93,50,2,41,79,52,77,31,7,51,65,1,99,92,78,70,5,32,1
2496,0,60,50,20,40,60,85,100,40,50,40,60,50,100,70,80,90,50,85,50
2497,0,30,85,40,50,60,85,60,60,100,50,85,30,60,100,60,85,100,100,15
2498,0,1,100,100,100,100,85,100,50,100,85,100,100,100,100,100,100,100,100,100
2499,0,1,50,51,30,69,70,65,50,50,32,41,0,51,50,17,71,0,85,50
2500,0,50,85,85,70,100,50,85,100,50,1,50,100,100,100,50,100,50,100,85
2501,0,60,30,15,40,85,70,70,40,40,60,70,15,100,70,60,85,40,70,30
2502,0,43,75,48,7,12,40,77,56,48,72,23,50,100,50,62,100,19,100,73
2503,0,50,60,60,100,50,60,60,100,50,90,70,60,60,50,80,100,50,70,1
2504,0,100,40,50,50,100,60,70,60,50,70,85,15,100,70,85,85,40,85,1
2505,0,62,87,51,71,72,52,61,62,62,60,60,61,72,62,50,70,61,87,50
2506,2,17,85,61,50,90,31,17,31,87,41,40,86,16,87,30,41,87,100,88
2507,0,50,51,30,40,85,60,70,70,50,30,60,40,100,85,50,85,50,85,50
2508,0,50,60,30,60,60,70,85,50,60,70,70,40,100,50,998,85,30,100,15
2509,0,40,50,15,30,50,40,40,50,50,30,50,30,50,50,40,60,50,100,15
2510,4,14,29,26,23,67,74,71,64,98,29,51,78,51,73,26,76,68,79,32
2511,0,40,30,60,50,85,15,60,40,40,40,50,40,100,85,70,85,40,70,30
2512,0,60,50,60,50,50,40,60,50,70,30,50,50,70,50,50,60,50,70,85
2513,0,50,50,50,50,50,50,50,50,50,50,50,50,50,50,50,50,50,85,50
2514,0,70,50,40,50,100,70,85,70,40,30,50,50,100,100,85,100,40,85,1
2515,0,50,40,50,70,60,40,50,40,60,40,60,60,60,100,1,50,60,85,40
2516,0,70,30,60,70,100,1,60,85,100,30,1,100,70,100,50,85,100,100,60
2517,0,99,1,51,37,87,24,99,87,1,52,52,1,99,99,52,94,1,74,1
2518,0,1,70,60,70,85,40,30,85,85,15,85,85,85,85,30,85,85,100,70
2519,0,17,31,66,64,62,46,39,65,62,55,60,63,50,62,31,84,64,80,100
2520,0,50,50,50,15,75,45,60,50,50,20,50,5,50,85,50,95,50,80,1
2521,0,100,40,15,60,70,60,100,60,40,40,30,15,100,100,50,85,15,40,15
2522,0,100,30,1,1,85,60,100,70,1,60,70,50,100,70,60,85,1,30,1
2523,0,50,50,50,70,100,70,60,60,1,70,85,1,70,70,50,100,1,50,1
2524,0,1,60,70,60,70,50,40,60,60,30,50,50,60,50,1,50,60,80,60
2525,0,50,95,85,70,100,40,50,60,50,40,60,80,100,70,1,60,50,80,80
2526,0,100,15,1,30,100,50,85,30,50,30,100,50,100,100,50,100,50,50,30
2527,0,100,1,50,50,70,50,50,100,60,50,50,1,100,100,70,100,1,85,15
2528,0,100,100,1,100,100,84,1,70,100,1,1,85,85,85,1,100,100,100,100
2529,0,70,50,30,60,50,40,70,60,50,60,50,50,100,50,50,100,15,50,50
2530,0,30,50,70,70,100,15,50,50,1,50,15,30,50,50,70,15,1,60,100
2531,0,35,95,90,50,100,15,40,60,100,65,50,100,50,80,1,95,100,100,95
2532,0,60,50,40,60,50,50,60,60,50,50,60,60,70,60,40,60,40,70,60
2533,0,40,75,40,60,50,60,65,50,80,65,40,30,90,80,50,90,80,85,40
2534,0,50,100,1,85,100,85,30,85,1,100,15,85,100,100,100,100,15,70,60
2535,0,30,50,60,50,50,57,38,59,50,51,50,46,40,50,59,82,50,82,49
2536,0,14,98,85,61,81,72,39,68,72,38,71,62,59,79,38,98,63,92,6
2537,0,15,100,98,52,100,40,44,100,100,18,50,99,50,100,40,85,87,100,100
2538,0,0,69,50,99,97,15,47,50,84,14,86,0,83,91,0,71,87,98,76
2539,0,60,40,15,30,70,60,85,50,60,30,85,30,60,85,70,100,40,60,15
2540,0,30,85,70,70,50,40,30,70,70,40,50,60,15,70,15,60,50,100,40
2541,0,20,1,10,30,80,80,100,85,100,80,100,80,100,100,80,100,50,80,1
2542,0,0,0,0,0,82,0,0,0,86,55,18,70,74,73,0,51,78,77,70
2543,0,1,30,42,1,70,50,31,40,60,40,50,51,50,71,1,70,71,71,16
2544,0,50,100,85,100,0,60,30,70,0,60,0,0,100,0,15,100,0,100,100
2545,0,100,50,1,70,85,70,100,30,1,30,50,1,100,85,85,85,1,30,1
2546,0,59,70,85,90,32,30,56,55,70,15,54,77,75,85,17,60,78,85,75
2547,0,50,50,50,60,50,50,50,70,50,50,50,50,85,50,0,100,50,80,50
2548,0,30,40,30,60,80,40,30,75,50,20,70,75,70,75,60,80,60,85,70
2549,0,40,40,30,40,60,30,60,40,60,40,40,40,85,60,40,70,60,60,60
2550,0,92,73,30,62,51,62,70,34,14,71,71,32,100,70,61,97,15,63,16
2551,0,30,70,70,60,70,15,40,85,85,15,50,85,30,50,15,70,50,100,70
2552,0,30,90,100,70,85,40,15,80,90,40,50,90,70,90,50,70,85,90,60
2553,0,40,70,85,70,70,40,40,70,85,40,70,40,60,100,30,70,50,85,60
2554,0,50,85,60,65,71,30,69,86,89,51,45,84,100,89,52,85,85,92,50
2555,0,70,70,60,100,85,70,70,70,60,60,85,30,100,85,85,100,70,70,1
2556,0,5,70,60,60,85,5,30,55,85,5,40,85,40,85,10,60,50,100,70
2557,0,85,50,50,70,100,85,50,85,50,70,100,50,85,85,50,85,50,85,50
2558,0,55,85,90,82,81,50,35,34,51,58,50,53,60,55,13,4,50,77,91
2559,0,50,50,60,77,85,70,75,0,85,60,90,60,100,95,50,95,87,100,10
2560,0,15,85,85,85,85,50,40,40,85,30,60,70,85,70,15,70,60,70,85
2561,0,70,71,62,76,94,75,74,61,100,57,85,87,98,100,80,85,85,86,40
2562,0,60,70,40,15,70,15,70,70,85,15,70,60,70,70,40,100,85,85,15
2563,0,70,60,60,60,70,50,40,85,50,50,50,60,60,60,50,85,50,85,50
2564,0,70,42,1,42,69,71,100,62,51,60,72,50,83,71,85,92,51,70,1
2565,0,30,50,30,50,50,30,85,70,50,70,50,50,60,85,50,85,50,50,15
2566,0,60,50,50,50,100,70,50,70,85,50,50,50,50,60,50,85,85,70,50
2567,0,85,50,1,30,60,70,60,60,30,1,60,50,10,85,50,30,30,30,30
2568,0,40,70,40,50,50,40,50,70,50,30,50,50,70,50,50,85,50,85,40
2569,0,50,50,50,50,100,50,50,50,100,50,100,100,100,100,50,100,100,100,50
2570,0,70,60,100,70,70,85,70,70,60,70,70,70,100,100,60,70,60,70,70
2571,0,1,64,79,60,60,61,5,61,100,10,61,41,29,100,4,70,71,90,61
2572,0,36,47,30,25,64,28,30,50,60,50,1,23,66,45,2,40,60,30,59
2573,0,1,100,60,60,60,1,1,14,100,10,38,100,34,100,47,10,100,97,100
2574,0,42,62,61,62,71,62,61,62,63,42,72,43,61,72,62,72,63,72,18
2575,0,100,50,60,40,100,70,50,70,15,70,70,60,100,85,85,100,16,85,85
2576,0,0,16,40,50,97,41,86,44,3,29,39,50,100,52,52,85,1,85,39
2577,0,70,50,30,60,85,60,70,85,40,70,60,50,100,100,70,85,30,85,40
2578,0,50,50,50,85,100,50,50,50,100,70,85,60,100,100,85,100,100,85,30
2579,0,50,50,50,50,50,70,50,50,15,50,50,15,85,50,50,100,15,50,15
2580,0,2,100,90,90,95,10,30,80,90,45,15,85,60,85,10,75,90,100,90
2581,0,15,85,100,70,85,30,1,40,85,40,40,85,85,85,1,60,85,85,60
2582,0,70,40,15,40,70,70,85,30,70,40,50,30,100,50,70,85,50,50,1
2583,0,70,50,50,60,100,85,70,60,70,60,70,50,100,100,50,100,70,60,70
2584,0,40,60,85,15,60,30,60,50,60,30,60,50,60,60,30,60,60,50,70
2585,0,40,1,40,1,40,40,40,60,60,60,40,60,70,50,85,60,60,50,15
2586,0,53,62,85,53,63,54,41,64,94,61,73,85,85,90,71,71,72,96,32
2587,0,50,30,30,85,70,15,85,40,50,15,40,50,100,30,30,1,50,85,50
2588,0,1,100,100,70,100,40,40,60,100,40,60,100,100,100,15,100,100,100,60
2589,0,85,30,50,70,85,70,60,60,1,60,50,1,100,85,60,70,1,70,70
2590,0,60,85,85,85,85,60,15,70,85,30,50,85,100,100,15,100,85,100,70
2591,0,70,70,1,30,60,70,100,70,50,50,50,50,85,50,85,100,50,70,1
2592,0,60,30,1,50,60,50,50,50,15,40,30,15,100,100,50,60,1,40,60
2593,0,1,50,50,50,60,30,65,75,1,30,60,1,75,50,50,75,45,100,1
2594,0,60,50,1,85,30,70,85,70,50,60,60,1,85,50,50,85,30,60,1
2595,0,50,32,50,98,85,52,71,42,95,60,51,3,71,72,69,86,70,98,50
2596,0,1,50,9,60,50,9,50,60,50,60,50,50,50,50,50,85,50,60,50
2597,0,2,85,85,84,86,50,15,31,70,16,51,30,0,69,1,50,70,99,85
2598,0,46,62,32,71,65,45,71,66,53,60,60,59,65,65,56,42,53,75,51
2599,0,50,70,60,60,85,70,85,85,30,50,85,85,100,100,70,99,15,100,40
2600,0,70,51,84,39,92,74,86,92,80,30,87,65,77,93,90,93,79,92,16
2601,0,70,85,100,100,100,40,70,40,70,30,85,70,100,70,70,60,60,85,100
2602,0,15,70,85,70,70,30,30,70,85,50,40,85,70,50,15,70,100,100,100
2603,0,51,34,53,1,62,43,51,52,69,28,32,51,78,54,66,70,63,74,62
2604,0,85,60,70,50,60,50,85,60,70,60,70,50,85,85,60,85,50,50,50
2605,0,1,100,85,85,100,50,15,100,100,15,50,100,100,100,1,85,100,100,70
2606,0,40,16,42,15,90,69,93,49,60,31,53,65,84,71,46,95,41,49,30
2607,0,100,99,98,100,98,98,97,85,99,84,86,98,97,99,86,98,100,100,100
2608,0,1,100,75,85,85,1,1,45,100,40,30,100,30,100,1,51,100,100,100
2609,0,1,100,100,85,85,30,30,60,100,40,60,100,30,100,1,40,100,100,100
2610,0,1,50,70,100,50,60,40,50,100,40,50,50,30,50,50,40,100,100,85
2611,0,40,40,60,60,60,40,50,70,85,30,60,60,85,60,15,85,60,60,60
2612,0,60,70,50,60,85,60,50,60,50,60,40,50,70,50,50,60,40,60,100
2613,0,60,70,70,85,85,70,40,85,60,40,60,70,85,85,30,70,50,85,70
2614,0,85,100,100,85,100,60,70,70,100,70,100,100,100,100,70,100,100,85,100
