Id,V162030,V162095,V162096,V162097,V162098,V162099,V162100,V162101,V162102,V162103,V162104,V162105,V162106,V162107,V162108,V162109,V162110,V162111,V162112,V162113,Vote
1,0,60,40,50,60,100,50,50,40,50,40,15,60,100,40,60,30,30,70,30,1
2,0,15,12,5,45,60,70,95,60,40,75,70,20,75,70,75,75,30,55,10,2
3,0,50,70,50,60,70,60,70,70,85,60,60,60,70,70,50,100,60,100,60,2
4,0,85,73,85,85,100,70,85,100,85,100,70,70,100,85,70,98,85,85,85,1
5,0,60,70,55,75,55,65,55,60,60,15,55,70,85,80,3,80,65,70,60,1
6,0,85,70,40,40,85,70,85,40,70,40,70,70,100,85,85,85,70,70,0,2
7,0,50,40,40,70,60,50,100,50,40,30,50,15,100,50,50,85,30,0,15,2
8,0,85,70,60,60,85,85,70,85,60,60,50,60,85,85,50,85,85,100,85,2
9,0,70,100,85,85,85,30,40,50,85,40,50,100,100,100,15,100,100,100,85,1
10,0,85,15,40,70,85,50,50,60,85,60,85,70,85,85,60,85,70,85,1,2
11,0,60,60,40,60,70,40,60,40,40,40,60,60,85,70,50,85,30,75,40,2
12,0,40,70,85,1,70,70,70,60,100,1,70,70,70,70,15,60,70,70,70,1
13,0,60,85,70,16,52,1,40,85,50,60,32,85,100,85,1,99,50,70,50,1
14,0,60,100,85,85,100,50,1,70,85,15,50,85,70,100,1,70,70,85,85,1
15,0,0,79,51,18,73,42,51,42,1,30,17,51,91,51,51,73,2,79,59,1
16,0,86,41,41,40,61,61,96,85,51,42,51,51,99,86,70,93,51,100,1,2
17,0,50,40,40,60,90,40,60,60,70,50,70,60,100,100,50,90,70,70,40,1
18,1,65,65,70,85,65,45,35,40,100,35,25,100,55,88,25,65,100,100,85,1
19,0,50,15,1,40,40,15,50,30,50,40,15,1,50,50,50,60,50,70,40,2
20,0,0,50,50,51,100,50,50,70,70,50,51,70,100,100,50,100,51,70,70,2
21,0,1,100,85,70,85,15,1,60,100,60,15,100,15,50,15,40,100,70,100,1
22,0,17,45,56,61,70,66,56,70,66,40,50,77,85,84,56,70,60,71,70,1
23,0,40,50,50,70,50,30,50,60,50,15,50,50,50,50,50,70,50,60,50,1
24,0,60,69,51,50,71,70,71,70,71,56,58,71,100,70,60,70,50,68,72,2
25,0,62,36,34,33,88,86,91,86,50,42,88,40,85,90,92,97,50,83,34,2
26,0,60,100,100,60,85,70,70,100,100,70,50,100,70,100,70,100,100,100,70,1
27,0,50,50,50,70,70,70,50,70,70,70,50,70,50,50,50,100,70,100,70,1
28,0,1,100,15,50,50,50,30,100,100,30,50,100,50,100,15,50,100,100,100,1
29,0,30,70,70,45,50,40,20,70,85,45,50,70,55,85,15,50,85,85,70,1
30,0,50,41,50,50,50,51,50,51,41,50,50,50,70,50,50,85,41,50,41,2
31,0,85,100,85,85,100,70,100,100,100,60,100,100,100,100,70,85,100,100,70,2
32,0,51,80,46,51,54,50,58,48,30,60,55,54,56,60,61,2,51,48,98,1
33,0,100,1,1,30,100,100,100,70,1,15,100,15,100,100,100,100,1,85,1,2
34,0,10,50,70,50,50,10,40,60,70,1,50,50,50,50,30,100,70,100,10,1
35,0,0,50,50,40,100,50,70,85,50,40,40,70,85,0,50,70,60,100,85,1
36,0,40,50,50,70,50,30,60,40,50,30,50,40,40,50,15,30,50,70,60,1
37,0,99,72,32,52,50,42,92,68,5,30,64,13,99,73,92,86,51,83,2,2
38,0,31,70,85,45,57,40,32,45,59,30,44,52,51,57,33,56,61,67,95,1
39,0,50,70,30,85,50,60,70,70,85,40,50,50,85,85,50,85,50,70,50,2
40,0,50,70,40,65,85,85,70,70,50,60,85,85,85,85,85,95,50,90,1,2
41,0,70,40,15,50,85,50,60,70,15,40,60,30,100,85,70,85,15,50,15,2
42,0,85,15,1,30,100,40,100,30,1,30,60,15,100,100,70,85,1,70,1,2
43,0,50,50,50,50,83,49,51,48,50,48,54,50,50,50,50,51,51,51,51,4
44,0,85,70,50,100,100,30,40,60,70,15,40,60,85,70,1,70,50,85,15,1
45,0,74,57,56,81,71,77,69,57,1,59,31,56,80,69,58,78,1,53,51,1
46,0,50,50,50,60,50,50,50,70,50,60,50,50,70,50,50,85,50,60,1,2
47,0,16,85,85,71,85,40,11,50,49,11,50,50,71,61,1,50,50,85,61,1
48,0,30,50,40,35,60,60,55,70,50,35,45,50,60,50,40,70,40,100,39,1
49,0,15,70,85,70,70,60,30,70,85,40,60,60,60,85,15,70,70,100,85,1
50,0,1,99,99,86,50,16,1,70,99,1,17,92,31,99,1,66,99,100,100,1
51,0,50,90,55,50,85,55,50,85,100,80,50,50,85,85,50,99,65,80,85,1
52,0,85,15,15,70,70,40,85,70,30,15,70,40,85,70,85,85,50,70,15,2
53,0,89,84,86,70,100,77,84,85,85,78,92,85,100,85,88,94,85,90,95,1
54,0,100,100,60,30,100,70,30,85,100,85,85,30,100,85,30,100,85,85,1,2
55,0,58,31,1,9,60,72,88,88,51,15,61,14,58,49,70,83,50,87,1,2
56,0,85,85,70,100,85,70,70,50,70,60,70,70,85,70,60,60,70,70,100,1
57,0,60,85,50,85,70,60,50,50,85,40,50,50,85,50,50,100,60,70,85,2
58,0,5,100,85,75,85,15,25,65,100,30,30,75,45,90,5,35,100,100,100,1
59,0,40,70,70,50,60,40,40,85,100,60,60,60,70,70,50,85,50,85,40,1
60,0,85,15,15,15,85,50,85,50,50,50,70,15,85,85,85,85,1,85,1,2
61,0,1,100,85,50,50,40,30,50,70,50,40,50,30,50,50,50,50,100,70,1
62,0,1,90,90,61,40,61,10,78,90,61,71,79,85,75,1,90,62,95,75,1
63,0,0,40,30,60,70,40,100,50,40,40,70,50,100,50,85,100,40,50,1,2
64,0,1,100,70,60,85,30,15,60,100,30,40,100,50,100,1,40,100,60,85,1
65,0,1,85,100,85,85,15,1,60,85,1,50,85,70,70,1,85,85,100,85,1
66,0,2,86,71,60,85,13,15,68,85,16,14,47,14,86,1,71,91,97,74,1
67,0,86,97,100,93,100,47,42,92,100,82,15,88,100,98,35,100,98,85,99,1
68,0,70,60,70,100,100,30,40,60,60,15,100,60,100,100,1,70,70,100,85,2
69,0,16,60,70,70,84,40,40,60,84,15,70,75,75,75,30,69,51,97,50,1
70,0,50,50,50,50,50,40,50,50,40,50,50,50,99,50,50,85,40,50,50,4
71,0,50,60,40,50,85,50,60,70,85,50,85,60,85,85,50,85,70,85,40,2
72,0,60,1,1,40,70,15,85,70,15,40,30,1,60,60,85,100,50,50,1,2
73,0,1,50,75,90,100,10,15,50,85,20,50,55,45,80,1,40,85,100,45,1
74,0,70,1,31,71,71,86,70,31,1,41,86,1,99,100,50,99,32,99,51,2
75,0,43,98,98,96,98,15,37,57,99,63,36,74,40,73,9,25,95,96,100,1
76,0,70,85,70,70,85,40,60,50,50,50,50,70,70,50,30,85,70,70,70,1
77,0,70,1,50,50,100,50,70,70,50,60,60,40,100,50,15,85,50,85,50,3
78,0,51,1,16,30,42,71,85,60,70,40,16,17,85,50,99,100,39,84,39,2
79,0,1,100,100,30,100,50,70,70,100,30,70,85,85,100,30,100,100,100,85,1
80,0,50,30,70,75,60,50,70,25,50,20,75,40,90,75,20,100,50,90,70,1
81,0,50,50,40,30,85,40,70,70,50,60,50,30,60,50,50,100,50,998,50,2
82,0,1,100,60,85,60,1,50,50,100,30,50,40,40,60,15,85,85,60,70,1
83,0,40,40,60,40,85,30,30,40,70,40,40,85,85,85,50,85,70,85,40,1
84,0,80,76,68,40,92,73,52,61,68,51,59,69,97,71,51,40,71,71,100,1
85,0,16,30,51,51,51,57,16,18,100,16,50,51,51,51,0,70,100,100,31,1
86,0,51,30,49,16,77,49,87,71,51,32,46,51,86,73,70,95,31,71,1,2
87,0,50,85,40,70,50,50,60,40,50,30,50,50,50,50,50,85,50,85,50,2
88,0,47,55,71,61,85,74,61,61,50,65,80,80,85,100,47,100,50,79,70,2
89,0,100,60,60,60,85,60,70,70,60,70,60,70,100,85,998,85,85,85,70,2
90,0,15,40,30,40,50,60,70,70,50,60,50,50,50,50,999,70,50,50,50,2
91,0,50,40,50,30,50,50,50,50,50,50,50,50,50,70,50,60,50,60,50,2
92,0,70,1,1,100,100,60,100,100,1,70,70,70,100,85,15,100,40,85,85,2
93,0,1,100,84,69,72,39,4,56,95,37,25,76,4,86,3,51,100,100,86,1
94,0,100,16,31,14,99,86,100,38,41,41,70,41,100,84,49,91,52,88,40,2
95,0,85,40,1,40,70,50,100,60,50,60,50,40,100,100,100,100,50,50,1,2
96,0,98,70,61,71,86,31,85,50,51,50,14,69,84,99,84,85,70,85,84,1
97,0,50,50,50,60,50,40,50,50,50,30,50,50,50,50,50,70,50,50,40,2
98,0,15,100,60,60,100,50,40,60,100,15,50,100,100,100,1,60,70,100,70,1
99,0,70,15,15,50,40,15,70,50,70,30,30,60,85,70,0,70,50,100,1,3
100,0,85,40,70,50,70,70,50,70,50,40,30,85,85,85,30,100,70,60,85,1
101,0,1,60,15,50,100,30,15,85,90,15,40,85,70,85,1,100,70,100,85,3
102,0,85,15,30,50,85,15,60,30,50,1,40,70,100,70,40,85,50,100,70,1
103,0,60,70,15,30,40,60,30,70,40,70,60,30,70,30,40,85,40,60,30,2
104,0,70,60,15,30,100,70,60,50,70,50,70,50,100,60,40,100,60,70,1,2
105,0,70,50,50,50,60,40,85,60,50,85,70,60,100,100,85,85,50,100,50,2
106,0,0,11,35,50,61,48,50,50,34,19,50,14,97,52,0,85,1,52,2,2
107,0,50,60,70,60,70,50,70,70,60,15,70,50,100,70,50,100,1,85,1,2
108,0,70,50,70,85,100,50,15,70,85,50,50,50,70,50,50,100,70,100,85,1
109,0,85,40,40,70,70,85,40,70,50,70,70,70,100,70,60,70,50,60,70,1
110,0,70,50,50,50,50,50,50,60,50,50,50,50,100,50,50,85,50,50,15,2
111,0,0,14,0,88,0,40,55,93,52,51,52,40,70,89,0,88,78,97,1,1
112,0,60,59,48,50,85,70,47,70,17,60,39,58,100,87,50,95,15,70,37,2
113,0,15,100,85,60,85,60,50,60,85,70,85,70,85,100,50,100,85,70,998,1
114,0,50,60,60,50,70,50,60,50,60,30,40,50,50,50,50,50,60,50,50,1
115,0,40,51,84,50,51,17,84,84,50,9,50,51,51,86,1,9,51,95,50,1
116,0,100,50,40,30,100,60,100,60,50,40,85,30,100,100,85,40,50,100,1,2
117,0,50,1,50,50,100,80,85,65,1,70,85,50,100,100,85,100,1,50,50,2
118,0,43,71,83,88,98,17,45,72,86,33,49,87,67,90,8,77,86,88,85,1
119,0,56,77,93,62,72,49,34,52,86,51,45,61,60,86,51,52,79,80,59,1
120,0,0,85,50,50,85,17,41,50,85,16,17,70,85,85,0,60,85,84,85,1
121,0,40,100,70,70,100,40,85,70,100,60,100,100,100,100,50,85,100,85,100,1
122,0,59,27,23,58,61,36,83,71,33,26,21,14,85,67,44,86,17,91,9,2
123,0,5,100,85,57,95,40,31,59,100,22,43,100,45,98,18,40,100,100,100,1
124,0,53,80,54,81,84,53,53,53,54,63,53,54,51,50,53,83,54,93,89,1
125,0,35,60,40,75,45,75,80,75,70,40,75,45,75,50,50,75,50,85,15,1
126,0,3,62,60,31,61,70,69,70,98,30,71,86,50,85,32,90,98,86,87,3
127,0,60,55,85,100,100,85,65,85,50,75,60,50,100,100,50,100,50,100,100,2
128,0,1,100,100,1,100,50,1,50,100,1,0,100,100,100,1,50,100,50,100,1
129,0,51,40,1,61,81,78,96,79,50,85,85,49,91,97,88,98,51,82,3,2
130,0,70,30,30,50,50,15,85,40,70,70,50,50,100,50,50,100,70,50,85,2
131,0,1,90,100,70,100,10,10,40,90,40,20,100,70,100,1,30,100,100,100,1
132,0,50,30,15,15,70,60,85,60,30,50,70,40,85,60,60,85,30,50,30,2
133,0,62,61,70,71,98,71,84,84,60,85,83,70,99,71,60,85,41,98,76,1
134,0,50,50,60,50,70,50,70,50,100,50,50,100,60,100,50,70,100,100,100,4
135,0,15,50,50,50,50,40,50,50,50,15,50,50,50,50,15,50,50,50,50,1
136,0,1,55,0,1,65,5,75,90,100,15,55,1,1,75,1,15,100,100,0,2
137,0,100,15,1,1,60,85,100,70,1,60,85,50,100,85,100,100,1,70,1,2
138,0,50,50,50,50,60,30,60,60,50,40,50,50,70,60,50,60,50,70,60,2
139,0,85,40,1,50,70,50,85,50,1,50,60,50,100,70,70,85,1,50,50,2
140,0,27,67,59,50,54,60,40,50,57,43,62,61,50,50,23,70,60,79,55,1
141,0,60,60,30,60,85,30,60,40,50,30,60,40,70,70,40,70,50,60,2,2
142,0,30,100,85,85,100,1,15,15,100,1,60,100,100,85,1,85,85,85,100,1
143,0,30,40,60,50,40,70,70,40,70,50,70,30,70,60,50,60,60,60,40,2
144,0,50,100,100,100,100,50,1,50,100,1,50,100,100,100,1,1,50,100,100,1
145,0,40,50,71,70,59,51,61,70,51,16,59,59,71,60,1,69,51,59,40,1
146,0,30,50,60,50,50,30,50,70,60,70,30,60,70,60,30,70,60,50,50,2
147,0,1,50,75,65,50,35,40,30,60,1,50,50,50,1,1,40,50,85,40,1
148,0,85,74,54,76,96,60,50,53,85,30,53,84,61,85,1,62,75,46,72,1
149,0,50,1,15,1,100,60,100,30,1,50,60,50,100,100,85,70,1,70,15,2
150,0,70,1,50,40,70,60,70,60,50,40,50,50,100,70,60,85,50,60,1,2
151,0,70,70,60,70,85,70,70,50,70,50,70,60,100,50,50,100,50,50,70,2
152,0,2,78,71,62,88,50,61,85,1,76,51,1,85,100,62,85,1,73,70,1
153,0,62,18,40,32,77,57,79,29,70,29,60,71,100,97,77,94,70,84,16,2
154,0,50,100,70,60,85,60,40,85,100,40,70,50,85,100,30,100,100,100,70,1
155,0,60,70,50,50,50,40,50,60,60,40,50,50,60,60,40,60,50,70,40,3
156,0,30,51,50,30,52,50,51,50,86,50,52,50,40,50,50,53,50,50,50,1
157,0,50,85,85,100,100,40,60,60,60,40,40,85,70,85,85,100,85,85,100,1
158,0,70,70,0,85,85,85,70,85,85,85,85,85,100,85,0,70,85,85,85,1
159,0,50,998,50,100,100,15,50,85,1,85,50,998,100,50,999,60,1,70,100,1
160,0,60,70,0,70,70,70,60,60,70,40,60,40,70,85,70,85,60,60,50,2
161,0,15,85,85,85,70,40,15,40,70,40,40,40,70,70,1,40,70,85,100,1
162,0,60,60,1,70,100,85,100,40,60,40,70,70,100,85,50,100,40,15,30,2
163,0,85,60,40,40,85,50,60,70,40,30,60,60,100,70,40,85,40,70,60,1
164,0,10,80,80,100,100,20,50,50,90,20,50,50,50,70,10,90,50,100,70,1
165,0,99,17,2,4,84,52,68,51,39,32,65,73,97,58,74,100,7,61,1,2
166,0,72,50,31,99,69,70,71,72,42,41,70,16,71,71,60,87,42,51,40,2
167,0,32,86,96,71,72,17,2,70,100,50,61,78,71,86,2,91,86,85,41,1
168,0,50,60,85,50,85,40,30,60,85,40,50,50,50,50,50,40,70,85,85,1
169,0,50,85,100,50,85,60,40,70,100,30,70,85,70,100,1,70,100,100,60,1
170,0,40,70,70,70,70,50,1,50,50,15,50,70,85,70,1,40,50,70,70,1
171,0,31,99,86,85,84,42,31,71,86,30,50,85,51,99,15,85,85,100,70,1
172,0,20,10,5,60,80,5,60,75,90,5,80,80,80,80,50,90,80,90,2,2
173,0,50,60,60,85,60,15,18,40,70,60,18,40,70,70,1,15,60,60,85,1
174,0,100,1,1,1,50,70,50,70,50,15,85,100,100,100,85,40,1,100,1,2
175,0,16,66,61,61,86,91,85,100,85,71,85,90,91,85,15,75,85,100,66,1
176,0,52,29,42,66,67,37,41,45,72,52,50,63,77,65,41,84,44,62,21,2
177,0,50,50,60,60,70,30,40,50,50,40,50,50,60,50,15,70,50,60,40,1
178,0,41,56,69,54,85,49,41,49,75,5,45,70,86,70,30,70,51,76,40,1
179,0,85,60,70,85,85,85,70,60,70,60,85,70,100,85,30,40,60,100,85,1
180,0,85,30,15,30,50,60,100,30,50,60,85,15,100,50,85,85,30,50,15,2
181,0,100,70,85,70,60,100,85,85,50,100,100,100,100,100,100,100,50,100,100,1
182,0,85,85,70,40,70,40,40,30,85,30,70,50,100,100,60,100,60,100,85,3
183,0,100,100,60,85,100,100,60,70,15,1,100,50,100,100,40,70,85,40,100,1
184,0,30,85,40,85,100,40,60,70,100,30,50,60,100,100,15,70,85,85,15,1
185,0,91,31,39,41,88,54,84,66,29,59,55,29,97,68,48,84,13,74,50,3
186,0,100,1,50,50,100,70,100,50,50,60,100,70,100,100,999,100,50,70,40,2
187,0,0,85,85,85,70,70,70,85,100,60,85,60,100,100,0,100,100,85,85,2
188,0,100,50,50,70,85,70,50,50,97,70,50,50,100,50,50,60,85,50,100,1
189,0,50,85,70,15,30,100,85,60,60,60,70,1,85,85,60,100,60,85,1,2
190,0,52,8,14,50,60,12,74,31,69,14,30,42,65,50,50,97,42,72,1,2
191,0,50,50,50,51,84,49,50,85,50,71,50,50,84,50,49,85,48,85,60,1
192,0,30,30,40,15,50,1,40,30,30,40,50,50,50,50,15,50,30,60,50,1
193,0,50,30,1,40,50,50,100,40,50,1,50,50,100,100,60,100,50,50,1,2
194,0,17,85,85,77,76,72,47,79,85,18,68,85,84,86,4,82,84,84,83,1
195,0,70,100,60,60,100,1,30,15,100,1,1,15,60,30,1,1,85,100,100,1
196,0,85,30,1,30,50,50,100,30,50,50,50,1,100,85,40,85,50,50,15,2
197,0,100,15,15,30,70,60,100,70,70,15,50,50,100,85,100,100,70,85,50,2
198,0,71,31,17,58,56,51,85,59,5,59,50,58,95,55,51,87,6,50,22,2
199,0,9,71,77,60,86,32,49,15,76,13,51,77,86,87,1,78,73,76,70,1
200,0,50,50,15,30,50,70,85,60,50,30,85,50,70,70,70,85,50,70,15,2
201,0,71,30,1,17,70,52,69,71,51,42,51,29,85,50,87,85,39,83,3,2
202,0,61,28,61,71,61,52,62,60,25,61,41,16,88,52,71,86,51,71,31,2
203,0,40,85,70,87,60,70,41,40,70,16,50,70,70,70,15,50,60,96,70,1
204,0,85,1,15,40,50,50,70,50,1,40,50,30,85,70,50,85,1,85,15,2
205,0,61,51,50,41,71,30,50,93,25,62,51,71,50,51,50,85,41,94,25,1
206,0,1,85,85,70,100,15,1,60,100,1,60,85,100,100,1,60,60,60,100,1
207,0,94,52,51,42,99,65,91,42,53,51,81,51,97,95,73,97,52,71,2,2
208,0,15,70,70,60,60,60,15,50,85,40,50,50,40,70,1,70,60,60,60,1
209,0,40,15,1,30,100,70,15,40,100,15,85,30,100,100,70,100,15,100,1,2
210,0,30,85,60,70,60,30,40,40,85,30,60,40,70,70,15,70,50,85,40,1
211,0,67,14,16,69,50,59,82,69,39,67,49,39,98,92,60,96,29,39,30,2
212,0,15,50,50,50,50,30,85,50,50,30,50,50,50,50,60,85,50,70,50,2
213,0,40,40,1,1,100,60,85,30,1,30,50,15,100,100,100,100,1,60,1,2
214,0,70,40,30,70,70,50,50,40,1,30,70,40,100,85,50,85,1,50,50,2
215,0,100,40,15,50,100,60,100,85,15,70,70,70,100,85,60,100,30,70,60,2
216,0,40,100,80,75,70,40,30,70,80,1,40,70,90,80,20,60,80,80,60,1
217,0,100,50,30,50,85,70,85,40,30,40,85,40,100,100,85,100,1,70,1,2
218,0,40,51,60,100,60,70,40,41,30,60,70,20,70,70,50,100,1,70,60,2
219,0,70,70,50,70,70,50,50,70,50,50,85,70,85,85,50,85,50,85,85,1
220,0,70,15,1,15,50,70,60,60,50,15,50,50,100,50,60,100,50,50,1,2
221,0,61,52,71,30,75,50,78,70,51,31,71,40,99,85,31,56,50,50,40,2
222,0,998,50,50,70,85,40,70,50,50,32,65,30,50,50,999,80,50,70,999,2
223,2,46,50,19,44,45,35,49,42,63,40,16,54,52,41,48,55,47,33,50,2
224,0,100,100,70,85,100,60,85,85,70,85,70,70,100,100,70,85,60,85,100,1
225,0,1,85,85,50,70,15,15,40,60,1,30,50,40,70,1,70,60,50,60,1
226,0,1,99,85,87,82,16,30,35,97,3,14,85,92,91,1,38,93,98,83,1
227,0,88,88,100,16,100,52,56,50,100,70,100,71,100,100,52,100,79,92,36,2
228,0,61,98,99,84,69,40,32,51,83,61,61,71,86,85,31,98,72,70,85,1
229,0,30,70,85,60,60,60,50,60,70,40,50,70,70,85,30,70,70,100,70,1
230,0,1,100,71,87,51,60,10,63,100,32,51,84,80,85,1,71,100,92,100,1
231,0,60,100,50,50,70,70,85,100,30,70,70,60,100,85,100,100,0,85,1,2
232,0,15,70,85,60,100,60,30,60,85,1,50,85,15,60,1,100,85,85,70,1
233,0,50,40,85,85,70,50,50,50,50,50,50,60,50,85,50,50,50,70,50,3
234,0,16,83,70,61,50,61,58,71,51,70,57,58,50,98,41,62,60,60,61,3
235,0,998,50,60,50,85,15,40,50,70,40,15,50,100,70,50,100,70,85,85,1
236,0,30,90,85,65,90,30,40,65,100,40,40,90,80,95,1,70,95,100,75,1
237,0,40,40,70,60,100,60,85,100,30,60,70,15,100,60,60,85,40,85,60,2
238,0,54,10,51,99,98,2,51,4,51,2,1,70,92,44,2,88,50,93,86,1
239,0,50,50,1,50,60,1,50,50,50,1,1,50,55,50,50,75,50,55,1,2
240,0,1,90,70,100,90,70,40,15,85,10,40,70,50,85,1,40,85,100,70,1
241,0,95,50,50,50,85,50,100,50,1,51,60,29,100,60,53,85,1,51,72,2
242,0,50,100,50,50,70,50,50,50,50,40,50,50,50,50,50,95,50,85,50,1
243,0,50,40,15,85,85,85,85,60,60,40,60,60,100,85,70,100,50,85,70,2
244,0,16,31,30,51,50,30,50,40,50,40,50,50,61,51,28,58,50,69,40,1
245,0,83,49,1,85,96,51,84,40,60,51,52,1,84,98,60,99,40,94,29,2
246,0,60,50,50,40,50,60,50,60,50,50,50,50,85,50,50,85,50,70,40,2
247,0,50,50,32,50,84,60,60,66,70,40,50,70,70,70,84,93,61,85,2,2
248,0,70,85,70,60,85,70,40,70,85,70,70,40,85,85,85,85,60,100,70,1
249,0,1,93,83,52,91,84,26,81,96,35,85,88,50,96,2,88,92,97,89,1
250,0,10,40,70,75,50,40,60,90,100,60,90,40,50,90,40,100,90,90,10,2
251,0,85,85,60,1,100,85,70,70,50,70,70,1,100,100,60,100,998,70,70,2
252,0,15,51,57,41,61,52,42,44,50,30,60,49,53,51,5,60,50,60,53,1
253,0,85,60,100,50,100,30,60,50,50,50,50,50,100,85,50,85,60,85,60,1
254,0,2,25,30,30,50,75,30,60,25,20,50,25,25,75,10,90,10,90,10,1
255,0,60,60,60,50,60,50,60,60,70,60,60,50,70,70,50,70,50,70,998,2
256,0,30,85,70,85,50,30,50,60,50,40,50,40,50,60,0,70,50,85,50,4
257,0,70,85,50,50,100,70,50,85,100,60,60,70,70,100,60,85,85,70,100,1
258,0,1,80,85,85,80,15,1,85,100,15,40,85,50,100,1,90,100,100,40,1
259,0,51,0,17,16,84,40,100,50,50,15,50,50,51,50,98,51,50,40,32,2
260,0,50,30,50,70,60,60,70,60,50,30,50,50,70,50,15,100,50,100,15,1
261,0,60,1,70,100,100,100,100,70,70,70,80,50,80,60,80,100,100,100,100,1
262,0,50,40,40,30,60,90,90,30,70,40,90,30,100,90,70,90,70,80,20,2
263,0,16,70,70,55,75,40,10,70,70,40,46,79,60,67,9,50,70,97,75,1
264,0,1,70,85,40,50,30,15,50,60,50,50,70,60,50,15,40,60,100,40,1
265,0,85,60,50,1,85,100,85,100,1,85,70,1,100,100,50,100,1,100,40,2
266,0,1,100,70,60,100,70,40,85,85,15,70,85,70,85,15,100,85,85,85,1
267,0,40,100,100,70,100,40,70,100,100,15,100,85,100,100,15,85,70,100,100,1
268,0,70,30,1,1,100,30,100,50,50,65,100,1,100,100,90,80,50,85,1,2
269,0,2,100,85,60,84,40,42,85,100,30,51,100,51,100,9,86,90,99,71,1
270,0,1,70,70,60,50,30,40,45,70,20,50,40,40,60,10,80,50,95,40,1
271,0,60,61,24,40,66,67,75,70,50,31,60,51,70,71,61,78,50,95,30,2
272,0,15,85,100,100,85,50,1,70,85,50,50,70,85,85,1,85,85,100,85,1
273,0,50,1,50,50,50,100,50,50,50,50,100,50,50,50,50,50,50,100,1,2
274,0,30,70,85,60,70,50,40,50,85,50,50,70,60,85,40,70,60,70,60,1
275,0,15,50,50,100,85,50,70,50,70,50,50,70,100,100,50,100,85,52,100,1
276,0,65,40,55,49,50,55,65,49,45,45,50,40,100,75,51,95,35,75,10,2
277,0,50,50,60,60,50,50,50,60,50,40,50,50,85,70,30,85,50,70,50,1
278,0,50,50,15,41,50,40,70,51,95,61,50,30,50,50,70,85,50,70,1,2
279,0,85,60,60,50,85,85,85,70,70,70,85,70,70,85,70,100,50,50,50,2
280,0,85,70,70,100,85,30,20,15,30,1,50,50,100,70,1,40,50,70,50,1
281,0,1,60,40,60,60,60,60,60,60,60,60,40,50,60,40,60,60,100,60,3
282,0,15,100,100,100,100,15,1,85,100,85,50,100,70,100,15,85,85,100,100,1
283,0,43,55,50,50,70,43,50,60,51,55,50,50,85,70,51,70,50,70,50,1
284,0,70,60,70,87,85,71,40,85,85,40,85,85,85,86,30,85,85,85,30,1
285,0,50,50,60,50,70,15,40,50,70,50,40,60,50,85,50,60,85,70,85,1
286,0,60,60,70,60,85,60,50,70,50,30,60,70,100,100,15,70,50,85,60,1
287,0,50,50,30,50,50,50,50,15,50,50,50,50,100,100,50,50,50,50,50,2
288,0,70,30,50,100,100,100,100,100,70,100,50,1,100,50,1,1,30,50,999,1
289,0,100,50,40,86,90,41,95,60,51,41,50,1,100,52,70,86,16,100,5,2
290,0,1,70,85,60,60,30,30,50,70,40,40,60,60,70,1,70,70,85,60,1
291,0,85,60,50,50,59,50,50,68,51,40,50,70,97,89,15,91,50,94,50,1
292,0,60,40,40,30,70,50,60,60,70,40,70,50,70,70,50,70,70,70,40,2
293,0,35,40,60,41,58,72,60,75,86,71,55,85,93,94,33,93,86,71,9,1
294,0,1,50,70,50,50,40,15,60,50,1,50,1,1,1,1,50,50,85,85,1
295,0,15,60,85,85,70,30,30,40,70,15,50,60,70,70,1,70,50,100,60,1
296,0,70,40,30,1,85,60,60,60,1,40,50,30,100,100,60,100,1,85,1,2
297,0,85,50,50,85,100,1,50,40,50,1,50,50,100,85,85,85,50,85,1,2
298,0,40,60,60,70,60,85,60,70,85,40,40,60,70,70,60,100,70,100,15,2
299,0,60,50,40,60,70,50,60,40,60,40,50,40,60,60,40,60,60,50,40,2
300,0,1,70,85,85,70,30,1,30,70,15,40,60,70,60,15,70,70,85,70,1
301,0,30,100,100,70,100,30,30,40,100,50,50,100,50,100,60,85,100,100,100,1
302,0,100,1,1,1,1,1,100,52,1,1,1,1,100,100,100,100,1,1,1,2
303,0,50,1,50,20,100,50,100,40,10,30,90,40,100,80,10,80,1,30,1,2
304,0,50,60,60,50,70,50,60,85,40,70,40,60,60,50,50,100,50,85,7,1
305,0,100,85,1,40,100,70,40,100,100,15,85,70,100,100,40,85,85,85,1,2
306,0,85,70,50,60,60,50,70,70,50,30,60,1,100,85,50,100,50,60,1,2
307,0,15,40,40,998,50,50,60,50,85,50,50,50,50,50,50,85,85,85,30,3
308,0,50,85,15,1,85,60,85,70,85,1,70,70,85,85,85,100,85,70,30,2
309,0,60,85,50,85,85,70,50,60,100,60,1,85,100,50,50,50,100,70,100,1
310,0,31,42,10,42,71,61,71,51,70,71,51,62,79,61,71,96,71,71,17,2
311,0,1,100,100,95,70,1,15,60,100,50,50,50,50,50,30,50,100,60,100,1
312,0,44,66,63,52,62,56,57,63,57,49,50,54,59,54,38,73,59,53,57,1
313,0,30,70,50,60,85,60,70,85,50,30,50,30,60,50,50,85,85,100,1,2
314,0,50,77,85,63,71,15,1,72,61,51,32,51,71,50,50,41,51,54,71,1
315,0,60,70,50,100,70,50,50,60,70,15,70,60,85,50,50,85,50,60,30,1
316,0,60,40,30,60,85,60,70,40,60,40,70,30,85,70,60,85,50,70,15,2
317,0,43,17,34,41,35,35,27,32,74,47,27,43,27,84,45,39,45,71,5,3
318,0,1,85,30,8,85,1,28,3,86,4,1,85,1,85,52,23,85,84,85,1
319,0,15,85,85,60,60,40,30,40,85,30,40,40,40,40,1,40,70,85,40,1
320,0,52,80,71,91,70,43,58,91,90,33,83,62,100,80,40,87,54,88,83,1
321,0,9,100,100,90,91,30,8,68,100,22,14,90,57,90,1,35,98,100,100,1
322,0,100,100,100,61,100,85,100,85,100,60,100,100,100,100,100,100,100,100,50,2
323,0,55,42,81,54,86,63,61,65,31,61,69,38,96,69,52,61,26,85,86,2
324,0,50,1,40,40,100,25,60,65,25,65,25,50,100,50,25,100,10,40,1,2
325,0,30,70,50,50,50,40,30,70,50,15,50,60,50,50,1,60,50,85,40,1
326,0,40,100,85,50,85,40,40,85,85,70,50,70,85,85,30,85,85,85,85,1
327,0,30,85,85,85,70,40,15,40,85,1,50,60,85,85,15,40,60,70,60,1
328,0,78,57,64,66,70,66,52,56,63,28,38,74,81,71,27,70,30,77,75,1
329,0,998,998,998,30,0,85,998,60,0,70,0,0,0,998,998,998,998,100,998,1
330,0,70,50,30,30,50,50,85,50,50,40,50,30,100,50,70,85,50,70,15,2
331,0,1,85,85,100,85,1,15,1,85,1,1,85,40,85,1,100,85,100,40,1
332,0,40,85,85,70,70,50,30,50,85,50,50,60,70,60,50,70,85,40,85,1
333,0,1,85,85,85,85,60,1,85,85,30,85,85,85,85,1,70,85,85,85,1
334,0,15,70,60,60,85,60,30,40,85,15,40,70,60,85,30,70,50,85,60,4
335,0,15,85,85,85,100,50,1,70,50,30,50,60,85,85,30,85,50,100,85,1
336,0,85,85,100,100,100,50,85,85,0,70,0,100,100,100,70,100,0,85,0,1
337,0,50,40,15,40,50,40,70,40,50,40,70,40,50,50,50,70,50,50,1,2
338,0,50,50,70,60,85,70,50,70,40,70,30,50,50,60,50,40,40,70,60,1
339,0,40,51,17,40,60,17,77,46,50,16,50,42,59,51,61,71,50,71,10,2
340,0,51,51,50,99,50,50,70,50,52,50,51,51,84,51,51,97,51,99,41,2
341,0,85,100,85,85,100,85,70,85,100,70,85,85,100,100,70,100,100,100,85,2
342,0,70,70,70,70,85,40,70,60,70,40,40,70,85,85,70,100,70,85,60,2
343,0,70,70,30,70,100,85,85,70,70,70,85,40,85,85,70,85,70,70,40,2
344,0,100,40,30,70,70,50,85,50,50,60,50,40,100,100,50,100,40,50,1,2
345,0,999,40,70,60,85,60,40,85,60,40,60,70,70,85,40,40,50,100,85,1
346,0,70,15,30,50,85,85,85,70,30,40,50,15,100,85,70,100,15,50,1,2
347,0,50,30,40,73,61,24,66,50,49,43,60,54,75,55,39,61,51,50,42,3
348,0,81,85,74,77,74,92,77,94,51,90,93,68,0,78,66,85,50,98,86,2
349,0,40,50,15,30,70,40,50,70,50,40,40,50,70,50,50,85,50,50,30,3
350,0,60,30,15,40,60,40,70,50,15,60,40,50,100,50,0,60,15,60,40,2
351,0,40,40,85,50,60,40,30,60,70,40,30,85,85,60,15,70,85,70,40,1
352,0,15,85,85,85,85,60,30,85,85,30,60,70,85,85,1,70,85,85,85,1
353,0,70,30,15,50,70,60,70,15,15,40,50,1,100,50,30,30,1,60,15,2
354,0,50,40,40,40,70,50,70,50,50,40,50,60,70,85,50,70,50,60,30,2
355,0,70,60,15,30,50,70,100,50,40,40,50,50,100,70,50,100,40,85,1,2
356,0,4,99,97,32,85,52,4,62,85,41,52,42,53,99,1,72,87,98,84,1
357,0,40,50,50,50,85,50,60,70,998,50,50,50,85,70,50,70,50,70,998,2
358,0,60,60,999,85,1,60,50,60,1,50,70,50,85,15,50,70,1,85,100,1
359,0,100,40,15,50,70,50,85,60,50,40,60,50,100,60,50,85,50,70,15,2
360,0,70,60,10,50,50,85,70,70,10,70,85,30,100,70,50,100,10,50,10,2
361,0,10,80,35,1,61,92,80,89,50,21,50,50,98,95,50,100,50,100,60,2
362,0,75,100,75,100,100,50,60,75,85,50,60,85,100,100,75,55,85,50,100,1
363,0,50,1,1,1,40,50,50,50,50,50,50,50,50,50,50,50,50,50,50,2
364,0,100,16,15,32,70,41,100,40,50,70,85,60,100,75,100,100,50,65,1,2
365,0,15,30,1,15,85,70,100,50,50,40,70,50,85,85,30,85,50,100,15,2
366,0,100,100,100,100,100,60,100,100,100,100,85,100,100,100,100,90,100,100,100,1
367,0,70,50,1,40,85,70,85,40,50,70,70,40,100,100,60,85,40,60,1,2
368,0,15,85,100,70,70,1,1,30,100,15,30,50,50,50,1,15,85,85,85,1
369,0,32,69,30,61,0,30,72,40,53,40,53,31,75,51,51,75,48,95,3,2
370,0,50,50,50,50,50,50,50,50,50,50,50,50,50,50,50,50,50,50,50,2
371,0,10,70,70,80,70,40,40,40,70,50,55,50,50,70,30,45,70,90,70,1
372,0,16,72,60,71,60,16,46,51,68,31,51,70,51,86,17,45,55,91,72,1
373,0,50,60,70,50,60,70,40,70,70,40,60,60,70,85,1,85,60,70,30,1
374,0,50,85,70,85,85,40,40,50,85,50,50,85,100,70,40,30,85,50,85,1
375,0,85,70,1,70,60,85,85,70,70,40,70,70,100,70,70,85,70,70,70,2
376,0,50,80,70,80,70,80,70,50,100,40,50,70,50,70,50,80,100,80,70,2
377,0,1,85,70,10,90,10,40,80,90,15,50,85,70,95,1,95,95,95,60,1
378,0,30,40,61,80,50,29,40,70,77,10,50,51,75,92,15,91,60,85,1,1
379,0,50,50,60,85,50,40,30,60,50,60,50,50,50,50,40,85,50,85,15,2
380,0,100,85,100,85,100,40,70,70,100,60,100,70,100,100,50,100,70,100,50,1
381,0,70,30,15,50,60,70,100,60,50,50,70,70,85,70,85,85,50,60,1,2
382,0,15,85,70,50,40,40,30,70,60,1,40,50,50,60,40,30,50,85,40,1
383,0,30,40,40,85,70,40,60,60,85,15,50,70,85,85,60,70,100,85,15,2
384,0,59,40,5,60,60,40,85,80,41,30,50,15,70,50,58,46,8,84,3,2
385,0,13,62,72,50,84,52,32,63,52,52,40,60,86,70,2,70,52,71,70,1
386,0,60,40,60,50,85,60,60,70,40,40,70,50,100,40,50,100,50,100,40,2
387,0,15,50,85,50,70,40,30,85,60,40,70,70,85,85,15,100,60,100,70,1
388,0,1,91,84,64,84,1,1,60,89,16,26,84,27,85,1,16,84,84,84,1
389,0,86,60,30,50,60,60,85,30,50,40,50,50,99,71,60,85,50,40,41,2
390,0,70,60,60,70,60,60,60,70,60,60,50,60,90,60,60,70,50,70,60,2
391,0,70,15,70,70,60,50,40,50,40,50,40,50,70,50,50,70,30,50,50,1
392,0,50,80,100,60,70,70,1,85,100,80,40,100,100,100,20,85,80,100,55,1
393,4,50,50,50,50,60,15,50,50,70,50,40,50,70,85,0,100,50,100,85,1
394,0,50,50,30,50,70,40,70,50,40,50,50,40,100,50,50,85,40,50,30,2
395,0,1,85,75,60,65,50,5,55,60,10,50,60,60,60,1,55,60,90,50,1
396,0,70,70,50,70,100,60,60,70,100,60,100,85,85,70,50,100,85,70,100,2
397,0,89,51,18,41,84,33,96,70,31,34,86,14,99,99,77,99,4,99,3,2
398,0,85,15,1,70,100,40,100,40,40,60,100,50,100,100,85,100,40,70,1,2
399,0,50,50,50,50,70,50,50,50,50,50,40,50,50,50,50,50,50,50,50,2
400,0,60,50,50,50,70,60,60,30,50,30,70,50,70,70,70,85,50,70,1,2
401,0,50,30,1,50,70,60,60,60,70,30,60,15,100,100,70,85,50,50,1,2
402,0,60,31,1,85,95,25,49,77,75,60,49,40,80,98,38,100,78,90,1,2
403,0,42,89,83,80,51,75,58,68,52,20,51,62,63,51,32,95,51,98,10,1
404,0,30,85,85,50,50,40,15,70,100,15,50,85,40,85,1,70,100,85,70,1
405,0,85,50,7,78,85,85,85,60,50,72,87,85,86,85,70,99,50,96,15,2
406,0,60,30,1,30,70,60,85,40,50,40,50,30,100,50,60,85,40,85,1,2
407,0,85,70,40,70,60,30,70,70,1,30,60,1,85,85,60,100,30,85,50,2
408,0,1,100,100,50,60,1,1,60,100,15,1,50,50,50,1,50,60,70,70,1
409,0,15,85,60,60,100,30,85,70,85,60,50,85,70,85,15,85,100,70,70,1
410,0,1,62,56,55,99,54,55,69,94,59,65,97,97,52,51,91,93,92,92,1
411,0,16,91,84,53,86,47,41,91,86,14,59,70,84,85,17,94,71,90,63,1
412,0,50,50,30,40,50,85,90,40,50,40,50,50,50,50,40,90,50,90,30,2
413,0,50,1,1,1,50,100,100,60,50,40,100,50,100,50,40,100,1,100,1,2
414,0,60,40,15,30,85,50,85,70,50,70,70,40,85,60,60,85,50,70,15,2
415,0,1,30,15,30,60,85,100,50,70,1,60,40,60,60,15,85,998,1,1,2
416,0,85,60,50,60,100,100,40,50,60,50,1,50,50,50,1,1,60,85,100,1
417,0,60,15,85,15,70,85,15,85,90,60,60,85,85,70,50,85,85,90,60,1
418,4,50,50,50,60,60,60,50,50,50,60,50,50,50,70,50,100,50,85,70,2
419,0,51,52,60,14,0,51,70,64,85,35,50,49,61,98,0,100,60,98,1,2
420,0,15,100,70,100,50,15,40,60,100,30,40,85,60,100,15,60,100,85,100,1
421,0,998,50,30,70,50,50,70,50,50,60,50,40,100,50,50,100,50,70,30,2
422,0,998,60,30,40,70,998,80,70,85,40,80,998,85,85,60,85,80,85,40,2
423,0,35,75,60,90,60,45,15,65,100,40,45,90,55,50,50,46,100,85,100,1
424,0,15,85,85,85,85,70,70,85,85,30,50,85,85,85,15,85,85,85,70,1
425,0,15,100,100,50,100,15,50,60,100,50,50,100,60,100,1,70,100,100,85,1
426,0,10,70,60,60,50,40,50,50,50,40,50,50,50,50,1,70,50,100,60,1
427,0,1,100,100,70,100,1,1,60,100,1,40,100,40,100,1,70,100,85,100,1
428,0,1,70,85,51,70,30,15,60,85,50,39,71,40,69,1,85,69,85,71,1
429,0,60,40,91,84,100,40,30,60,100,40,70,100,100,100,60,30,100,85,100,1
430,0,15,70,85,85,50,15,15,50,100,30,50,85,70,85,15,70,100,85,15,1
431,0,34,69,64,65,72,35,52,57,59,54,50,66,35,65,26,50,60,81,64,1
432,0,31,61,51,46,93,31,36,44,45,46,51,51,42,51,51,31,51,56,51,1
433,0,50,73,60,100,73,3,50,25,100,16,11,51,50,100,1,82,85,100,80,1
434,0,50,50,52,51,57,51,50,49,94,38,43,50,51,49,52,85,52,95,50,1
435,0,50,52,53,72,69,28,51,16,100,30,49,72,49,100,51,40,100,68,100,1
436,0,17,99,85,61,59,15,15,58,100,32,20,99,46,84,6,42,96,84,99,1
437,0,30,80,50,50,60,50,50,55,70,40,45,70,85,85,40,55,40,85,55,1
438,0,70,85,85,70,100,40,30,50,50,30,50,50,100,50,50,50,50,50,70,1
439,0,1,90,94,87,79,40,15,69,87,31,33,94,57,98,11,96,95,94,87,1
440,0,60,70,70,60,85,50,85,70,60,60,50,85,100,100,60,85,50,85,85,1
441,0,70,30,15,50,85,85,85,40,40,30,50,40,100,85,70,85,15,70,1,2
442,0,40,40,60,70,70,30,60,40,50,40,60,60,70,40,15,70,50,60,15,2
443,0,16,30,6,9,17,50,85,30,62,46,31,50,30,51,54,66,40,69,2,2
444,0,30,70,85,60,70,70,30,60,100,50,40,85,50,70,15,60,100,100,100,1
445,0,40,35,50,15,60,75,50,75,50,30,50,50,50,50,45,70,50,85,15,2
446,0,51,41,2,50,83,38,69,51,37,15,49,30,99,50,51,99,40,84,1,2
447,0,100,60,35,30,85,70,85,70,50,15,85,40,90,85,90,95,15,90,1,2
448,0,96,50,51,50,50,50,76,50,50,50,50,50,100,84,68,51,50,50,84,3
449,0,30,85,85,85,85,70,60,100,85,86,60,70,100,85,15,85,85,100,85,1
450,0,40,50,40,70,50,40,50,40,40,40,50,40,60,70,40,70,40,50,40,2
451,0,60,70,100,100,100,60,50,60,50,30,50,85,70,85,1,85,50,100,100,1
452,0,40,50,60,30,60,40,50,60,70,40,40,60,60,70,30,70,70,60,50,1
453,0,70,40,50,40,60,60,70,40,50,30,50,30,100,85,50,85,50,40,60,2
454,0,44,85,90,98,93,56,70,80,92,66,90,92,91,93,24,92,96,93,94,1
455,0,77,69,72,78,78,76,73,71,73,88,52,69,88,59,68,60,72,81,99,1
456,0,100,40,30,60,85,86,100,31,50,41,85,40,100,85,100,85,51,78,1,2
457,0,51,51,40,50,100,86,85,84,85,40,100,100,100,100,60,100,61,70,70,2
458,0,50,50,50,50,100,50,50,50,50,50,50,50,100,50,50,50,50,100,50,1
459,0,42,50,51,35,51,41,50,64,50,31,50,50,51,50,35,70,50,70,50,1
460,0,52,61,40,72,99,62,99,62,62,51,60,63,100,63,51,100,42,100,71,1
461,0,1,100,100,100,1,40,1,40,100,1,40,100,1,100,1,40,50,100,100,1
462,0,85,60,30,30,60,85,100,70,85,40,60,40,100,85,70,100,50,70,30,2
463,0,40,60,40,85,70,50,60,60,70,50,50,70,70,50,30,100,70,60,60,1
464,0,50,100,85,70,100,60,50,40,100,15,85,85,70,100,15,100,100,100,70,1
465,0,60,15,30,70,70,50,30,40,15,15,40,1,85,50,30,70,15,60,1,2
466,0,30,100,70,40,85,60,30,60,100,15,40,60,70,70,15,60,85,85,60,1
467,0,1,85,70,60,85,1,15,60,85,30,15,70,15,85,15,30,85,100,85,1
468,0,100,60,85,60,70,70,60,70,85,85,50,85,100,85,70,100,85,85,85,3
469,0,50,50,50,60,60,50,60,70,40,40,60,30,70,60,40,70,40,70,30,3
470,0,70,85,85,60,100,30,70,85,100,40,70,100,100,100,1,100,85,85,85,1
471,0,61,70,51,71,85,70,60,61,52,63,61,61,72,85,52,71,51,72,71,1
472,0,50,50,50,1,50,60,50,60,70,60,60,50,60,50,50,70,1,85,50,2
473,0,85,61,50,70,61,41,50,51,50,61,40,55,100,60,45,41,51,69,61,2
474,0,85,50,1,50,100,50,100,50,50,50,50,1,100,100,100,100,50,100,999,2
475,0,1,100,85,50,100,30,15,70,100,30,40,100,85,100,15,100,100,100,70,1
476,0,70,70,70,70,85,40,60,60,50,40,50,50,85,85,15,40,60,70,60,1
477,0,50,84,16,62,62,71,85,71,60,60,51,61,85,70,32,86,51,85,61,2
478,0,70,60,50,50,70,50,70,50,1,50,50,1,85,85,50,70,1,85,50,2
479,0,85,80,60,85,85,85,70,85,50,70,85,70,85,60,50,85,60,85,85,1
480,0,30,70,60,60,40,30,60,40,60,30,60,30,70,50,30,70,60,40,40,1
481,0,85,85,84,61,100,31,31,41,100,41,85,100,100,100,32,100,100,100,85,1
482,0,88,27,50,63,88,84,50,89,15,89,57,21,71,50,51,92,8,72,86,1
483,0,1,30,60,50,50,30,30,40,15,30,30,40,40,50,1,30,30,60,100,1
484,0,85,60,85,70,85,50,70,50,85,50,70,85,85,85,50,85,85,85,60,2
485,0,20,90,100,70,60,50,30,40,60,15,998,80,60,60,10,40,70,100,85,1
486,0,61,1,1,97,99,98,99,1,97,1,97,30,99,99,0,96,99,50,2,2
487,0,85,50,1,1,85,85,100,85,50,85,85,0,100,100,100,100,50,100,1,2
488,0,66,40,20,60,70,60,67,70,50,16,50,1,70,85,60,99,15,66,31,2
489,0,29,65,82,61,85,62,42,80,100,77,50,84,76,80,31,85,84,84,79,1
490,0,0,0,0,0,0,0,0,0,0,0,0,0,0,0,0,0,0,0,0,2
491,0,50,40,30,60,60,70,60,40,70,40,60,40,85,70,50,70,50,70,40,2
492,0,85,40,60,60,50,40,70,30,50,50,60,50,100,85,60,100,50,85,30,2
493,0,53,53,51,53,57,51,51,55,50,51,41,52,53,52,30,88,51,90,18,1
494,0,51,41,51,61,85,70,61,40,50,30,51,50,100,100,50,85,50,60,1,2
495,0,40,70,85,60,85,40,40,85,70,40,60,85,70,85,1,85,70,85,85,1
496,0,100,51,50,50,100,51,100,85,70,60,51,85,100,100,50,85,77,71,30,2
497,0,30,100,85,85,100,60,40,85,70,30,60,85,100,85,15,85,70,85,70,1
498,0,0,15,15,15,0,0,0,30,0,15,0,0,0,100,70,85,0,0,1,2
499,0,43,76,73,66,70,67,65,68,75,28,69,70,85,85,15,86,68,84,66,1
500,0,70,70,60,60,85,50,70,85,50,70,60,70,85,50,70,70,15,85,15,2
501,0,15,94,88,60,100,15,18,39,50,1,15,70,100,85,1,91,50,100,41,1
502,0,62,50,52,84,99,66,50,56,51,52,25,0,79,48,57,92,50,63,51,2
503,0,72,50,15,72,91,66,86,54,29,55,81,15,100,83,68,82,22,68,1,2
504,0,63,59,1,49,84,55,85,60,38,58,67,46,100,88,52,92,10,66,1,2
505,0,85,1,1,60,70,100,100,50,1,85,100,1,100,100,85,100,1,85,1,2
506,0,29,100,78,88,95,83,73,100,100,41,100,95,100,100,70,88,86,100,76,1
507,0,30,80,998,100,60,60,60,70,100,30,100,30,50,100,999,30,100,100,100,1
508,0,39,100,51,85,70,48,50,51,83,51,26,61,70,76,1,50,77,70,70,1
509,0,85,40,1,15,85,15,85,40,60,30,85,1,85,85,40,85,40,85,1,2
510,0,40,85,70,60,70,60,60,70,85,40,70,85,100,85,30,70,85,100,85,1
511,0,50,15,50,60,50,50,50,40,85,50,70,50,50,40,50,100,50,85,1,2
512,0,70,40,50,60,60,30,50,60,50,60,40,30,70,50,60,60,50,50,50,2
513,0,57,53,53,55,54,51,53,57,50,60,54,51,63,52,39,61,46,64,59,1
514,0,30,100,100,100,100,15,50,70,100,15,60,85,100,100,15,85,100,100,100,1
515,0,31,76,39,30,75,39,72,70,81,44,74,75,75,85,51,70,76,73,52,2
516,0,85,50,1,1,70,60,99,60,51,70,30,60,100,70,50,85,30,70,1,2
517,0,50,998,999,85,85,60,999,40,1,30,100,60,100,100,15,1,1,85,50,1
518,0,85,54,38,69,56,63,80,47,45,30,54,40,100,72,69,81,38,70,34,2
519,0,32,41,33,85,61,1,49,43,51,17,41,32,80,49,31,41,16,51,26,2
520,0,40,52,62,73,50,47,63,63,64,60,62,63,85,74,74,88,60,84,15,2
521,0,86,100,100,40,15,1,87,1,1,73,17,4,100,85,99,99,1,50,1,2
522,0,85,50,40,100,100,50,100,85,50,60,50,1,100,100,40,100,50,100,1,2
523,0,61,41,61,42,71,61,61,61,70,61,86,61,87,100,60,99,60,71,40,2
524,0,40,70,70,60,70,40,40,40,85,40,50,70,50,85,60,85,85,85,85,1
525,0,70,1,15,50,60,40,70,50,50,50,60,30,70,50,50,85,40,70,1,2
526,0,30,60,60,75,80,50,50,75,40,60,60,40,100,50,50,80,40,75,50,1
527,0,60,70,85,70,100,40,60,50,50,70,50,70,85,70,50,100,70,85,70,1
528,0,50,50,50,15,15,50,60,60,50,50,30,15,70,50,15,70,50,60,60,1
529,0,85,15,1,30,50,85,100,50,50,40,50,50,100,70,70,100,40,85,15,2
530,0,60,70,70,1,85,70,70,70,70,70,50,70,85,85,70,85,70,70,70,2
531,0,998,85,85,100,85,30,30,85,70,50,60,60,85,50,1,40,60,50,70,1
532,0,1,100,90,50,50,50,10,70,100,60,10,90,65,100,50,70,100,100,65,1
533,0,50,70,70,50,60,15,15,60,40,70,30,60,85,60,50,85,50,85,30,1
534,0,30,85,85,70,85,50,60,60,85,60,50,70,85,70,40,60,40,70,85,1
535,0,50,50,60,30,70,40,60,60,50,40,50,50,70,60,50,70,40,70,50,1
536,0,2,99,99,98,60,43,16,71,99,2,52,99,40,99,1,99,98,99,99,1
537,0,50,50,50,60,85,50,50,60,50,50,50,50,100,70,50,100,50,60,70,1
538,0,50,50,15,60,85,70,85,50,15,70,70,40,70,100,50,85,15,100,50,2
539,0,50,40,40,40,50,60,70,60,50,60,50,50,60,50,70,70,50,70,50,2
540,0,70,30,30,60,85,60,70,60,50,70,70,50,85,100,60,85,50,85,1,2
541,0,50,50,50,50,50,50,50,50,50,50,50,50,60,50,50,50,50,50,1,2
542,0,95,50,10,1,60,60,85,85,1,45,85,45,95,90,75,100,1,50,1,2
543,0,40,15,40,15,70,70,85,60,100,1,15,85,85,100,1,70,100,100,85,1
544,0,19,62,62,44,72,49,22,52,74,52,42,62,70,64,1,65,71,41,54,1
545,0,1,85,100,85,70,15,15,60,100,30,60,60,15,85,1,15,100,100,85,1
546,0,50,100,40,70,100,1,60,70,100,30,50,1,100,85,15,100,50,70,1,2
547,0,17,51,63,72,52,25,14,38,51,11,50,50,59,51,1,71,51,88,61,1
548,0,0,85,0,60,0,0,0,0,0,0,50,75,0,0,0,0,0,0,0,1
549,0,85,30,40,40,50,70,85,70,50,60,50,50,85,60,70,85,30,50,15,2
550,0,1,100,85,100,100,30,15,80,100,80,15,100,50,96,30,40,100,100,100,1
551,0,72,41,31,44,84,60,69,82,85,59,51,60,85,99,60,99,73,70,47,2
552,0,90,51,42,40,90,60,91,61,50,51,90,85,90,90,60,90,41,90,30,2
553,0,100,50,70,1,100,60,100,85,100,60,100,100,100,100,50,85,100,100,50,1
554,0,1,70,85,85,60,15,30,60,85,15,50,50,50,85,15,85,70,85,60,1
555,0,62,53,51,72,52,62,61,62,53,63,52,41,73,53,0,61,51,72,50,2
556,0,1,100,100,72,98,45,49,61,99,49,50,99,50,86,2,60,100,100,99,1
557,0,70,0,30,15,85,50,70,60,50,40,50,50,100,50,60,100,1,50,1,2
558,0,40,85,70,85,85,1,1,50,85,1,50,85,85,85,1,70,85,100,100,1
559,0,50,30,10,50,50,50,60,50,50,40,50,50,80,50,50,70,10,100,10,2
560,0,30,40,52,52,58,56,41,50,85,33,50,82,46,50,53,72,52,59,40,1
561,0,50,50,1,50,85,50,50,70,50,40,50,40,100,50,70,100,50,100,1,2
562,0,60,50,50,100,70,60,60,80,60,80,30,1,90,90,998,90,70,998,30,1
563,0,50,70,70,15,85,15,70,60,85,1,50,85,85,85,70,85,85,85,50,3
564,0,2,86,83,71,50,31,43,61,85,47,50,77,61,86,15,93,85,85,31,1
565,0,70,70,85,85,85,60,50,40,70,30,50,70,85,85,15,60,70,70,70,1
566,0,44,74,49,71,55,81,78,78,100,62,80,56,76,100,88,100,77,86,34,2
567,0,50,50,40,15,50,40,85,15,70,15,85,1,85,85,40,85,60,100,15,2
568,0,50,40,15,40,50,50,50,1,50,30,50,40,50,50,60,60,50,50,40,2
569,0,1,90,100,80,80,10,5,30,100,5,40,70,40,85,1,70,85,95,85,1
570,0,85,16,16,16,60,70,71,50,51,15,51,50,85,85,30,84,31,50,50,2
571,0,61,41,31,29,100,41,100,62,1,60,83,52,100,85,85,100,1,84,1,2
572,0,85,70,70,70,85,50,60,85,85,50,50,70,100,50,50,60,70,50,70,1
573,0,62,88,31,66,86,49,50,73,41,80,60,12,95,84,82,100,24,77,87,2
574,0,54,32,17,57,53,50,75,52,51,52,50,51,100,85,51,85,49,82,4,2
575,0,30,100,75,80,100,30,40,60,100,30,15,100,70,100,1,80,100,100,100,1
576,0,50,50,50,40,50,60,50,70,70,40,50,50,60,50,50,70,50,60,50,3
577,0,70,50,1,50,70,50,70,50,15,1,15,50,70,50,50,60,1,15,1,3
578,0,40,100,95,80,90,25,20,85,90,30,85,85,85,90,1,75,85,90,90,1
579,0,58,20,17,73,47,19,20,72,1,58,24,8,88,11,11,55,1,39,32,2
580,0,15,50,61,41,61,85,40,86,98,40,96,51,86,86,1,97,61,96,61,2
581,0,1,85,70,85,85,1,30,30,85,15,15,85,60,85,1,50,85,100,70,1
582,0,100,31,14,48,50,52,91,50,49,18,53,50,100,49,49,80,51,85,50,2
583,0,40,50,50,70,50,50,50,50,50,40,40,50,40,50,50,60,50,50,40,2
584,0,100,16,52,50,50,50,0,51,31,52,50,51,99,97,50,98,31,50,52,2
585,0,70,60,30,60,85,1,60,40,60,60,1,60,100,60,60,60,70,70,100,1
586,0,60,50,40,30,100,60,60,30,70,1,60,40,85,100,30,85,70,70,1,2
587,0,50,30,50,60,60,40,40,30,50,40,30,40,60,50,50,60,50,85,50,1
588,0,50,50,40,30,85,60,100,30,85,30,85,50,100,100,50,100,50,60,15,2
589,0,100,1,1,15,50,50,100,15,1,15,50,1,100,71,100,85,1,50,1,2
590,0,70,100,100,70,100,40,60,70,100,1,50,100,100,100,50,60,100,100,85,2
591,0,51,51,51,61,71,51,71,71,50,51,51,41,100,51,51,99,51,71,51,1
592,0,85,60,85,85,30,85,80,50,70,50,15,50,15,50,50,30,85,85,50,1
593,0,17,50,62,61,62,16,40,51,51,31,50,51,62,51,2,63,51,72,42,2
594,0,40,40,60,70,50,60,40,60,50,40,50,50,85,70,50,85,50,70,60,2
595,0,50,60,60,50,85,15,40,40,60,30,30,70,70,60,60,30,50,70,85,1
596,0,60,50,15,85,100,85,70,60,50,40,70,15,100,50,60,100,50,85,1,2
597,0,60,50,50,50,70,70,85,50,70,85,50,70,100,85,50,100,70,85,70,2
598,0,15,50,1,70,100,70,85,60,85,60,85,15,100,100,85,100,85,100,30,2
599,0,85,1,1,30,50,85,100,40,1,70,50,50,100,50,50,100,1,85,1,2
600,0,9,96,91,95,95,11,7,78,100,3,50,94,64,72,1,70,100,95,90,1
601,0,69,60,32,69,60,40,98,69,6,17,60,30,94,82,69,96,15,67,1,2
602,0,999,999,60,85,100,100,60,100,70,15,70,85,100,85,1,100,1,85,100,1
603,0,1,85,70,50,85,16,50,0,98,40,50,85,40,99,1,77,100,90,98,1
604,0,0,80,50,60,70,50,50,70,80,20,70,70,50,100,30,70,80,80,70,1
605,0,40,85,70,85,85,70,60,70,85,50,70,70,70,85,40,85,85,85,85,1
606,0,60,51,1,31,86,8,70,50,85,28,51,1,94,87,69,98,52,70,1,2
607,0,70,50,1,60,100,85,100,70,70,70,85,70,100,85,85,100,30,85,15,2
608,0,15,50,60,50,50,30,30,30,85,15,50,70,50,70,1,85,70,50,50,1
609,0,50,50,50,60,70,85,50,100,100,85,50,50,85,50,50,85,70,85,70,1
610,0,50,40,50,50,60,40,70,85,70,60,70,50,85,70,50,85,60,85,40,2
611,0,1,85,85,50,50,70,50,50,100,30,50,85,50,85,1,60,50,100,50,1
612,0,60,85,100,70,85,70,70,70,85,60,70,85,100,85,30,100,85,85,85,1
613,0,30,100,85,100,100,30,30,100,100,30,30,85,70,100,15,100,100,100,100,1
614,0,60,85,60,70,100,70,60,70,70,60,100,100,60,100,40,100,70,85,70,1
615,0,70,40,1,30,50,50,100,30,40,60,50,40,100,85,50,85,40,60,1,2
616,0,61,55,38,60,59,60,67,72,61,40,67,46,60,70,58,95,51,79,35,2
617,0,1,85,100,70,60,1,1,40,85,15,15,60,70,85,1,60,60,100,60,1
618,0,15,100,85,100,100,15,30,60,100,15,40,100,100,100,15,85,100,100,100,1
619,0,50,40,40,40,50,50,60,60,50,40,50,50,60,50,40,100,50,50,30,2
620,0,50,30,50,50,60,15,50,50,50,40,40,50,50,50,15,50,50,50,30,1
621,0,30,85,70,40,70,40,30,60,50,15,50,60,0,0,1,60,50,85,70,1
622,0,15,100,85,50,70,60,30,70,100,40,70,85,50,100,15,85,85,100,70,1
623,0,75,74,59,53,99,60,69,43,77,33,52,81,84,84,73,82,70,89,69,2
624,0,50,50,50,60,70,40,50,50,40,50,40,50,60,50,50,70,30,60,60,3
625,0,100,50,50,1,70,1,1,50,1,15,3,85,100,85,1,100,50,85,1,1
626,0,70,70,72,70,85,41,85,70,50,60,50,50,85,50,70,70,50,70,50,2
627,0,3,30,42,16,99,17,42,32,51,16,41,84,85,42,31,17,51,98,40,1
628,0,39,84,71,70,50,41,60,50,61,40,51,85,61,96,50,71,50,85,71,1
629,0,70,1,1,1,60,85,100,60,15,15,85,30,100,85,70,100,1,85,1,2
630,0,54,84,50,51,86,52,51,50,85,51,42,83,93,85,1,16,84,86,100,1
631,0,50,70,70,70,50,51,41,60,50,60,50,50,50,50,50,51,50,50,50,1
632,0,80,1,1,60,80,40,70,70,80,40,80,50,90,80,40,90,20,65,1,2
633,0,70,50,15,30,85,50,85,70,50,40,50,40,100,70,85,85,50,50,30,2
634,0,50,50,1,30,50,60,85,60,50,70,50,1,85,70,70,85,1,50,1,2
635,0,43,84,85,63,86,71,42,71,85,3,86,87,86,86,4,85,84,85,71,1
636,0,86,50,30,70,99,61,71,50,51,50,50,41,86,85,51,99,50,70,16,2
637,0,40,50,50,50,50,50,40,50,50,50,50,50,40,50,50,50,50,50,30,1
638,0,60,70,40,40,85,15,70,30,85,30,30,40,85,85,85,85,85,85,15,2
639,0,50,40,30,40,60,40,85,50,40,40,60,1,70,50,60,70,40,70,40,2
640,0,85,30,40,50,85,70,85,70,40,40,70,50,100,85,60,85,15,60,30,2
641,0,40,50,70,50,50,50,50,70,50,40,50,50,50,60,31,50,50,70,50,1
642,0,1,41,2,17,66,92,86,85,95,71,88,53,26,91,64,95,78,88,13,3
643,0,69,51,48,62,99,17,50,40,72,49,2,52,71,71,50,73,62,70,98,1
644,0,43,52,73,41,90,18,73,74,87,20,52,72,85,73,50,72,87,99,43,1
645,0,51,32,31,61,51,41,69,51,60,60,51,31,61,50,70,85,41,85,2,2
646,0,60,30,40,60,70,60,60,70,30,40,50,50,85,70,50,70,30,60,40,3
647,0,50,1,30,1,50,50,60,50,50,50,50,50,50,50,50,100,50,50,1,2
648,0,85,40,40,70,70,40,85,70,60,60,70,85,100,85,50,100,50,70,40,2
649,0,15,50,85,70,50,50,50,70,50,30,50,50,50,50,16,71,50,100,51,1
650,0,100,15,15,60,0,30,100,60,15,1,50,30,100,30,100,70,1,70,1,2
651,0,85,60,50,50,60,50,40,40,50,40,50,50,85,50,50,100,50,85,50,2
652,0,15,50,50,30,50,50,50,50,50,30,50,50,50,50,30,70,50,70,50,1
653,0,70,85,85,70,85,60,50,70,85,85,70,85,100,85,1,85,70,85,85,1
654,0,50,60,60,70,70,70,70,70,50,70,60,60,60,60,60,70,50,70,999,1
655,0,50,60,50,85,70,50,50,85,100,50,50,50,70,100,50,70,50,70,100,1
656,0,15,100,50,50,100,30,40,50,100,40,15,100,50,100,50,40,100,85,85,1
657,0,51,50,50,36,50,21,50,66,51,24,51,50,50,51,23,68,50,65,20,2
658,0,85,40,50,30,85,50,85,50,50,50,50,50,85,100,60,70,50,70,40,2
659,0,30,50,50,15,70,70,30,85,50,30,40,50,85,50,30,40,50,85,50,1
660,0,1,86,85,70,85,42,41,70,85,16,70,69,70,70,31,71,70,98,50,1
661,0,40,40,40,60,50,70,100,60,50,40,70,15,85,40,50,85,40,85,15,2
662,0,40,100,70,70,70,60,30,60,50,40,50,85,100,100,15,85,70,70,60,1
663,0,1,70,50,60,50,70,15,70,70,60,50,15,40,50,1,30,70,85,50,3
664,0,100,16,2,15,81,65,99,78,3,39,50,15,100,100,87,96,51,61,30,2
665,0,1,70,70,30,0,40,30,60,0,40,0,0,70,0,1,50,50,70,60,1
666,0,60,60,50,50,60,50,50,70,40,50,40,50,85,50,50,70,30,85,1,1
667,0,40,100,85,70,100,70,15,40,100,70,100,100,100,100,100,85,85,85,100,1
668,0,40,50,30,50,50,70,70,40,70,15,50,40,70,70,50,85,50,50,30,2
669,0,100,100,85,96,100,70,50,100,100,70,100,100,100,100,100,100,100,70,100,1
670,0,70,30,30,40,50,70,85,40,15,30,60,50,85,50,100,70,30,60,1,2
671,0,50,50,40,85,50,50,50,85,50,50,50,50,100,50,50,100,1,50,1,2
672,0,50,50,50,50,53,50,50,50,50,46,50,50,50,50,50,53,50,50,50,1
673,0,15,60,60,80,78,13,30,60,80,33,30,63,73,67,13,66,56,82,56,1
674,0,70,85,70,100,70,70,50,70,85,60,85,40,100,85,40,85,100,100,70,1
675,0,5,100,60,70,90,5,1,60,90,40,5,85,60,40,1,5,95,85,100,1
676,0,85,30,16,60,70,85,70,30,31,41,85,16,85,85,60,85,16,100,1,2
677,0,30,50,30,1,70,30,60,60,100,30,50,30,50,100,60,100,85,85,15,2
678,0,57,83,50,70,89,59,89,87,95,61,62,90,90,89,75,92,87,92,97,1
679,0,60,70,40,60,85,60,70,70,70,50,40,70,85,70,70,100,70,85,15,2
680,0,87,51,41,17,70,85,92,42,50,17,86,51,85,87,70,88,51,90,16,2
681,0,50,60,70,60,70,60,70,50,70,50,70,70,70,85,70,70,60,70,70,3
682,0,36,60,81,83,85,16,36,29,51,53,17,33,100,84,18,100,47,83,43,1
683,0,40,85,70,60,70,40,40,60,70,15,60,60,60,85,60,70,60,85,70,4
684,0,41,51,70,52,82,92,100,100,75,94,84,80,100,100,60,97,69,100,47,2
685,0,1,50,50,15,40,50,30,40,50,40,50,40,1,50,50,60,40,100,15,1
686,0,100,50,50,88,100,88,88,75,65,50,75,100,100,100,50,99,65,50,100,1
687,0,70,15,60,70,100,60,85,60,60,60,60,85,100,100,50,100,60,70,50,3
688,0,5,85,70,50,70,15,40,60,90,45,50,85,40,70,15,40,85,80,85,1
689,0,100,85,40,100,100,30,40,40,100,40,100,100,100,100,40,100,100,100,30,1
690,0,100,50,15,85,100,60,100,70,50,85,100,50,100,60,50,100,50,85,30,2
691,0,42,82,44,43,63,53,77,77,75,44,47,54,80,68,57,68,63,79,55,2
692,0,85,85,50,85,100,15,40,40,15,15,70,85,85,100,30,70,1,70,85,1
693,0,50,50,50,50,50,40,50,85,50,50,50,50,50,50,30,70,70,50,50,1
694,0,4,96,71,69,50,29,40,39,83,41,69,72,83,88,1,39,73,70,73,1
695,0,60,40,40,60,60,60,70,70,50,60,60,60,70,60,60,85,50,60,40,2
696,0,1,80,50,60,80,1,20,70,100,20,50,60,50,50,1,30,100,100,80,1
697,0,50,60,50,50,50,50,50,50,50,40,50,50,100,50,998,85,50,60,50,1
698,0,30,30,50,85,70,15,50,30,85,30,70,50,70,85,60,100,50,85,1,3
699,0,100,30,15,40,60,60,70,40,15,40,60,40,100,100,70,100,15,70,1,2
700,0,15,100,100,85,85,15,15,70,100,15,30,85,70,100,1,70,100,100,100,1
701,0,70,30,50,95,100,50,70,70,100,50,50,100,100,100,70,15,100,100,100,2
702,0,85,100,50,100,100,1,50,1,100,1,1,1,100,100,1,1,1,1,100,1
703,0,100,70,70,100,100,100,100,100,60,100,100,100,100,100,70,100,100,100,100,2
704,0,50,50,51,84,52,99,52,98,52,84,61,51,52,100,51,42,51,86,52,2
705,0,15,50,70,70,70,60,30,85,70,40,70,70,100,70,30,85,70,70,70,1
706,0,70,50,15,30,70,70,85,60,50,30,50,50,85,60,70,85,50,50,30,2
707,0,50,70,60,50,70,40,50,70,70,30,40,70,70,70,15,70,70,70,50,1
708,0,50,50,50,50,50,50,50,50,30,50,50,30,100,50,50,70,30,50,50,2
709,0,85,40,70,60,85,70,40,40,70,70,30,40,100,70,70,60,70,70,100,1
710,0,15,70,60,60,70,70,40,85,50,50,60,70,85,85,1,85,50,85,40,1
711,0,50,60,40,999,65,50,35,70,80,25,40,60,998,80,40,65,80,100,50,1
712,0,50,60,40,50,60,40,40,50,85,40,50,1,100,60,50,85,85,70,40,2
713,0,1,1,50,1,70,60,100,60,70,70,70,40,85,85,70,100,60,60,1,2
714,0,100,1,15,15,60,60,100,60,1,85,50,60,100,70,100,100,1,60,1,2
715,0,15,85,70,60,70,70,40,70,70,70,70,70,70,70,1,60,70,70,70,1
716,0,84,98,67,50,85,14,67,59,87,3,1,30,11,88,14,98,27,98,68,2
717,0,50,85,70,50,60,30,30,70,85,40,50,50,50,70,15,60,50,85,85,1
718,0,0,0,0,85,85,0,0,0,1,0,50,0,60,0,0,60,1,85,85,4
719,0,89,100,97,93,100,91,32,61,100,70,81,51,100,100,50,12,100,100,100,1
720,0,40,85,1,30,85,60,85,40,50,1,70,1,70,50,50,100,50,100,1,2
721,0,29,87,61,30,71,39,61,61,68,39,50,59,71,66,14,85,54,84,57,1
722,0,1,85,75,60,50,5,35,45,100,1,40,75,60,100,1,75,75,85,60,1
723,0,50,0,0,69,100,50,50,40,50,4,2,100,100,1,0,1,50,70,99,1
724,0,60,70,70,70,60,60,60,70,1,70,60,30,70,70,60,70,70,85,50,1
725,0,50,50,1,40,50,60,85,85,50,15,50,50,85,85,85,100,50,85,1,2
726,0,60,40,60,70,70,30,60,70,30,50,40,70,70,70,50,50,15,70,60,1
727,0,70,40,15,40,100,100,100,85,70,85,100,70,100,100,100,100,60,100,40,2
728,0,15,40,50,50,50,40,40,50,50,15,15,30,60,50,1,30,50,85,1,1
729,0,99,51,41,40,85,85,85,60,41,61,51,70,85,85,85,85,31,85,16,2
730,0,100,15,15,60,85,70,100,60,1,70,70,50,100,85,85,85,1,70,1,2
731,0,15,60,70,60,60,50,30,60,60,40,50,60,70,70,15,70,50,85,40,1
732,0,70,40,30,30,70,60,70,30,40,40,70,30,70,70,85,85,40,70,40,2
733,0,50,50,50,70,85,70,50,70,50,70,50,50,1,1,50,70,50,85,60,1
734,0,8,83,81,83,86,15,8,72,87,33,42,61,41,73,3,69,52,93,59,1
735,0,70,30,40,30,60,85,85,85,50,60,50,50,85,50,60,85,15,70,1,2
736,0,0,84,84,72,98,72,85,71,84,85,84,71,99,98,86,86,71,84,72,2
737,0,85,50,100,100,70,50,1,50,60,70,50,50,100,50,1,60,50,85,60,1
738,0,50,70,70,100,100,50,70,70,100,15,100,50,100,100,50,70,100,100,70,4
739,0,80,50,60,60,80,50,80,70,80,40,70,70,80,90,999,80,70,70,80,1
740,0,1,51,70,70,50,1,15,70,70,1,50,70,50,60,1,70,62,98,70,1
741,0,70,100,90,100,100,31,95,92,100,41,93,100,100,100,16,100,100,90,100,1
742,0,1,50,50,60,85,40,50,50,50,40,40,85,100,60,50,60,50,60,70,3
743,0,50,70,70,40,60,70,70,70,50,60,60,50,60,60,70,100,60,50,30,2
744,0,70,70,70,100,100,40,1,70,70,40,50,70,100,70,1,70,70,85,100,1
745,0,50,40,50,50,50,40,70,50,50,50,50,50,100,50,50,70,50,50,30,2
746,0,3,38,50,15,50,67,51,53,76,15,51,21,1,1,50,83,50,76,2,3
747,0,1,85,85,100,50,50,40,70,100,40,50,60,30,100,1,85,60,100,60,1
748,0,85,999,998,60,70,15,60,60,1,1,40,998,70,70,999,1,999,70,60,1
749,0,15,85,70,70,70,40,60,70,85,30,50,85,70,70,60,70,85,85,70,1
750,0,30,100,100,30,85,70,15,60,85,30,70,100,70,100,1,85,85,100,70,1
751,0,1,100,85,50,50,60,40,70,100,50,50,50,50,50,15,60,100,100,100,1
752,0,17,61,59,77,82,16,52,65,74,23,24,51,52,51,50,42,51,96,85,1
753,0,34,47,45,15,51,55,68,69,58,67,76,48,78,79,39,99,47,80,25,2
754,0,61,61,60,84,100,31,84,86,86,15,71,84,98,99,16,84,70,86,70,1
755,0,40,50,60,50,50,40,50,70,50,30,50,50,70,70,30,60,50,70,50,1
756,0,60,1,1,70,85,70,100,85,50,70,50,50,100,100,70,100,50,100,1,2
757,0,30,31,40,99,20,14,24,33,1,26,5,25,45,25,27,44,24,23,37,2
758,0,15,100,60,40,70,30,40,50,85,15,40,60,60,70,30,50,85,85,100,1
759,0,70,50,15,30,85,30,85,15,40,40,60,70,85,85,60,100,50,85,1,2
760,0,50,60,1,30,85,1,85,70,50,60,50,50,100,60,50,70,50,60,40,2
761,0,70,30,1,50,100,70,100,50,50,50,50,40,100,70,70,100,50,50,1,2
762,0,100,100,70,50,100,50,50,60,50,50,50,60,100,100,0,85,50,70,0,1
763,0,50,50,30,40,84,30,85,62,70,32,83,1,98,99,71,100,50,86,1,2
764,0,97,24,45,70,73,57,33,96,42,43,16,10,95,9,99,97,51,98,53,2
765,2,97,18,32,52,99,62,69,32,42,15,87,41,97,98,38,2,40,86,99,2
766,0,100,1,1,1,60,70,100,30,1,60,100,1,100,70,100,100,1,70,1,2
767,0,30,50,50,50,0,60,50,50,60,40,60,50,50,50,50,70,0,60,50,3
768,0,50,41,41,40,61,49,50,50,50,49,30,40,50,50,50,50,32,51,50,2
769,0,30,60,85,50,70,15,40,60,85,40,40,60,70,100,50,40,70,85,60,1
770,0,40,40,30,40,50,30,60,50,50,15,50,50,70,50,50,100,50,75,70,2
771,0,70,85,60,70,70,70,70,85,50,40,70,85,100,85,50,85,50,85,85,1
772,0,30,70,70,50,50,50,40,40,70,40,50,60,50,85,1,50,60,100,40,1
773,0,55,100,100,80,100,75,100,100,85,40,100,100,85,100,30,70,75,100,35,1
774,0,31,84,77,50,61,61,65,61,85,52,81,51,94,99,41,61,87,92,61,1
775,0,2,61,61,41,59,60,51,40,50,15,59,40,61,60,1,71,50,85,51,1
776,0,100,3,3,82,86,38,99,68,0,60,62,1,98,98,97,100,23,57,27,2
777,0,69,95,86,60,86,31,61,86,84,60,51,71,84,87,61,88,70,87,93,1
778,0,50,10,20,70,45,40,60,60,1,30,55,35,90,40,60,60,10,40,10,2
779,0,10,70,75,75,90,15,30,65,85,10,20,85,50,85,1,40,85,90,90,1
780,0,1,100,100,100,100,70,1,85,100,1,60,85,100,70,1,85,100,100,85,1
781,0,45,50,70,55,50,2,10,30,50,1,50,50,50,50,1,25,50,75,80,1
782,0,70,50,40,15,50,15,60,70,85,50,60,50,50,85,40,85,85,70,30,2
783,0,15,30,40,50,50,60,60,50,50,40,50,60,85,85,70,85,50,85,1,2
784,0,60,30,15,85,15,50,85,50,60,40,60,30,85,60,70,85,15,85,30,2
785,0,85,60,15,30,85,50,100,60,40,70,40,40,100,70,60,85,40,70,1,2
786,0,40,30,30,30,85,40,60,40,60,30,40,50,85,70,30,85,50,100,30,2
787,0,100,50,30,85,100,85,85,85,1,100,60,15,100,100,40,100,1,100,85,2
788,0,40,100,60,50,100,85,50,100,50,70,70,50,100,100,15,85,70,100,50,1
789,0,50,50,40,85,50,50,60,50,50,50,50,50,85,50,50,100,50,85,1,2
790,0,70,80,999,80,90,50,85,70,60,70,50,30,90,80,999,70,80,90,999,1
791,0,0,71,88,60,83,39,9,59,91,40,51,53,62,85,1,40,55,85,83,1
792,0,51,43,52,50,86,17,42,42,99,2,32,86,51,51,51,89,51,85,85,1
793,0,60,50,85,85,70,40,85,60,85,30,40,30,85,85,30,85,85,85,85,2
794,0,1,50,50,15,50,85,1,50,70,1,50,50,1,50,1,60,70,100,60,1
795,0,1,73,70,93,77,37,54,51,70,8,72,48,14,71,9,57,52,94,52,1
796,0,60,85,70,85,100,60,60,60,50,60,40,70,70,70,40,15,50,85,100,1
797,0,60,50,41,42,60,60,60,41,60,40,51,60,71,69,40,48,41,61,41,2
798,0,30,50,85,50,100,50,50,70,70,60,60,85,60,100,40,85,70,85,100,1
799,0,50,40,60,80,90,80,50,40,50,50,30,40,80,60,40,70,70,30,40,1
800,0,60,60,30,50,70,70,100,30,60,30,50,50,85,70,70,100,60,50,15,2
801,0,100,40,1,40,85,60,100,70,1,40,60,50,100,70,100,100,15,50,1,2
802,0,41,18,3,31,52,62,85,41,52,41,74,34,42,52,87,86,50,84,3,2
803,0,40,86,85,41,51,16,32,86,85,40,41,50,51,51,31,31,51,99,66,1
804,0,50,70,76,94,60,15,40,40,85,39,50,85,70,86,1,92,91,85,40,1
805,0,70,50,50,85,70,50,70,70,50,50,60,85,85,70,50,85,50,85,70,1
806,0,50,50,50,50,50,50,50,50,50,30,50,40,50,50,50,70,50,50,30,2
807,0,60,85,100,50,85,40,30,60,100,50,15,50,100,50,50,40,50,50,100,1
808,0,60,40,15,1,85,70,1,100,60,60,60,15,100,15,70,100,15,1,40,2
809,0,50,30,1,70,998,40,999,85,70,85,30,70,998,998,999,100,70,85,85,1
810,0,1,50,95,90,50,10,15,65,50,25,10,50,10,50,1,70,50,80,65,1
811,0,50,1,1,1,50,85,100,30,50,15,50,15,50,50,100,85,50,50,1,2
812,0,14,33,16,29,71,29,64,17,51,59,51,19,87,51,78,90,43,85,1,2
813,0,34,97,98,50,84,30,31,62,94,59,47,87,33,65,2,61,87,99,97,1
814,0,100,52,1,74,100,68,99,50,53,53,50,53,98,100,99,99,52,98,3,2
815,0,15,30,40,15,50,50,50,40,60,40,70,70,50,60,40,85,60,70,40,1
816,0,52,3,31,48,84,66,50,47,2,48,53,1,83,4,54,40,1,86,30,2
817,0,95,81,68,99,99,97,85,96,99,81,74,81,85,58,78,94,88,96,100,1
818,0,1,50,40,40,100,1,30,50,50,1,50,100,50,50,1,40,50,80,100,1
819,0,15,60,60,40,50,15,40,40,60,40,50,85,60,40,15,40,50,50,85,1
820,0,48,49,52,51,96,21,44,49,78,47,13,50,94,50,44,68,80,53,45,2
821,0,52,86,50,61,71,71,51,60,92,51,50,60,52,68,53,70,51,100,68,1
822,0,31,50,16,16,71,70,70,60,61,30,61,60,80,70,46,85,60,77,16,2
823,0,6,86,99,99,86,40,1,32,81,5,17,85,15,95,1,41,73,100,85,1
824,0,64,41,27,17,84,70,77,68,92,62,83,86,84,86,31,99,79,69,16,2
825,0,100,70,60,60,100,50,60,70,50,70,50,85,100,85,50,100,50,85,70,1
826,0,60,40,40,60,85,60,40,60,70,40,50,40,100,85,30,70,85,85,60,1
827,0,30,15,15,40,85,60,70,40,50,40,85,50,50,30,30,85,15,85,1,2
828,0,1,100,100,100,100,1,1,15,100,15,50,50,30,50,1,40,100,100,100,1
829,0,70,50,1,85,100,1,70,50,50,1,50,50,100,100,50,100,60,60,1,2
830,0,60,50,85,100,60,85,40,60,70,50,70,60,60,85,40,50,70,85,100,1
831,0,50,100,50,50,100,50,50,50,100,50,1,50,100,50,50,40,50,50,60,4
832,0,98,66,21,25,94,87,97,26,15,63,90,15,99,96,50,98,2,91,5,2
833,0,71,40,32,42,51,70,85,85,72,41,51,61,85,85,85,71,51,86,31,2
834,0,40,30,15,40,60,50,70,40,60,15,40,30,60,60,60,85,70,40,1,2
835,0,85,30,15,1,60,30,70,60,50,15,70,1,100,85,50,85,1,50,1,2
836,0,70,0,0,40,70,51,0,0,50,0,41,50,60,50,0,16,40,60,100,1
837,1,1,50,60,40,85,70,70,85,70,15,85,70,100,100,50,100,85,100,15,2
838,0,0,50,1,70,100,85,100,70,1,50,50,50,100,0,0,100,1,0,30,2
839,0,50,70,70,30,60,30,40,50,70,15,40,50,100,85,15,100,60,70,40,1
840,0,1,60,50,60,85,60,60,85,50,60,50,50,70,60,1,85,50,50,60,1
841,0,50,70,70,80,85,1,40,50,90,30,50,80,80,90,30,41,80,50,75,1
842,0,50,70,50,50,85,50,50,70,85,40,85,85,85,85,40,85,85,85,85,1
843,0,85,100,85,85,100,85,85,100,70,85,85,60,100,100,100,100,100,100,999,1
844,0,100,15,1,100,85,50,50,85,1,60,40,30,100,100,60,100,1,60,1,2
845,0,85,100,60,85,100,85,85,86,70,71,85,70,100,97,51,70,40,100,100,1
846,0,70,85,50,85,85,70,85,85,85,60,85,85,85,85,50,70,85,70,70,4
847,0,95,1,15,50,80,85,95,30,40,80,80,40,95,95,95,95,40,95,50,2
848,0,50,60,40,70,100,70,50,40,100,40,40,50,50,50,50,30,70,40,1,2
849,0,51,50,51,45,69,60,51,52,61,41,47,61,71,70,51,70,62,59,62,2
850,0,15,0,85,85,100,15,15,70,0,60,0,0,0,0,15,70,0,0,70,1
851,0,85,1,15,40,70,70,70,85,50,60,70,1,85,85,40,85,50,50,70,2
852,0,51,52,56,58,70,57,76,29,40,50,31,1,87,54,61,82,30,53,16,2
853,0,85,60,17,31,84,52,82,60,70,30,70,32,97,85,78,85,49,50,15,2
854,0,85,15,32,50,52,80,97,70,51,40,70,51,99,71,85,98,49,86,1,2
855,0,70,15,15,15,85,85,100,70,70,40,70,15,100,50,30,100,15,50,30,2
856,0,50,50,1,50,100,50,50,1,100,1,1,100,100,50,1,50,85,50,100,1
857,0,85,16,16,20,85,85,99,62,1,61,80,16,100,99,70,100,1,60,40,2
858,0,38,48,49,29,62,51,53,60,50,49,51,51,62,51,44,77,51,71,33,2
859,0,15,70,70,60,85,30,40,40,60,40,40,60,85,100,1,70,40,100,70,1
860,0,50,50,50,50,50,40,50,40,50,30,50,50,50,50,15,60,50,50,50,1
861,0,50,50,50,50,50,50,50,50,50,50,50,30,70,50,50,60,50,50,40,2
862,0,60,70,60,60,100,60,40,70,100,50,50,85,85,100,85,100,100,70,100,1
863,0,60,15,1,15,85,71,85,60,85,40,85,85,100,100,85,100,85,50,15,2
864,0,85,40,16,61,60,85,100,60,60,41,70,42,100,70,85,100,41,70,1,2
865,0,70,71,73,50,53,60,40,70,50,50,50,52,85,50,51,63,51,49,85,1
866,0,60,85,70,50,70,40,60,70,85,50,50,50,85,50,50,85,70,60,70,1
867,0,16,51,17,16,0,89,51,85,93,30,87,50,95,87,51,97,51,95,51,2
868,0,16,61,37,54,48,23,84,51,67,48,34,48,32,48,58,81,49,50,19,2
869,0,57,71,41,61,65,2,46,41,58,5,16,42,100,50,1,76,45,100,46,1
870,0,85,50,50,100,100,60,60,85,1,40,70,50,100,85,60,85,15,100,1,2
871,0,0,30,15,15,0,60,85,60,30,15,0,1,85,85,85,100,50,60,1,2
872,0,30,60,1,15,60,50,85,15,100,1,30,100,70,100,60,100,100,100,1,1
873,0,70,85,100,100,70,85,70,70,100,85,60,85,100,100,100,70,85,100,100,1
874,0,50,50,50,30,70,43,50,50,2,39,50,32,100,100,50,99,3,50,1,2
875,0,85,15,30,40,100,50,60,30,50,40,50,70,70,100,60,85,50,50,40,2
876,0,1,95,65,50,75,31,1,50,85,16,35,50,51,70,1,40,50,92,78,1
877,0,0,0,0,0,0,0,0,0,0,0,0,0,0,0,0,0,0,0,0,2
878,0,100,85,50,50,100,50,50,85,1,70,50,1,100,100,50,100,1,100,50,2
879,1,70,70,60,60,85,60,60,85,998,40,998,998,85,85,60,60,40,100,70,3
880,0,100,1,1,50,85,50,100,50,1,50,50,50,100,50,50,100,1,50,50,2
881,0,100,70,60,70,50,70,50,50,50,40,40,50,100,70,40,70,50,70,50,1
882,0,50,100,50,85,100,40,50,30,100,40,50,50,50,50,40,100,100,85,100,1
883,0,50,50,50,40,50,50,50,70,50,15,50,50,85,50,40,85,50,50,15,2
884,0,61,87,86,71,65,51,2,41,67,1,33,74,71,77,2,84,64,72,68,1
885,0,1,30,70,60,70,70,1,50,70,15,60,70,15,70,1,40,50,85,70,3
886,0,1,100,50,60,100,1,1,60,85,15,50,85,85,85,1,30,70,100,85,1
887,0,30,60,70,50,50,40,15,70,50,30,50,40,50,50,30,60,50,50,40,1
888,0,98,87,45,97,60,94,83,96,2,68,40,49,99,80,96,99,1,84,28,2
889,0,60,50,51,60,60,51,61,85,16,40,41,60,100,96,61,95,13,51,71,1
890,0,50,40,50,50,60,50,50,50,50,40,50,50,40,50,50,60,50,70,40,1
891,0,63,41,22,11,60,61,62,61,17,17,51,52,70,52,30,81,19,87,20,2
892,0,40,70,70,60,60,40,70,60,70,40,70,60,70,70,50,85,60,60,40,1
893,0,66,51,56,56,85,40,30,51,61,8,54,86,85,85,1,82,51,80,50,1
894,0,70,60,60,85,70,40,85,70,50,70,70,40,100,60,70,85,50,40,85,2
895,0,60,1,15,30,100,50,60,40,50,30,50,15,60,50,85,60,50,85,15,2
896,0,50,50,30,1,50,70,70,70,50,60,50,50,70,50,30,85,50,100,30,3
897,0,85,40,1,50,60,50,85,50,30,15,50,50,100,85,85,100,50,60,1,2
898,0,50,50,50,60,50,50,50,70,50,60,50,50,50,50,60,85,50,85,50,3
899,0,50,50,30,70,85,70,70,60,50,70,60,1,100,50,60,100,50,85,50,2
900,0,50,40,60,50,40,30,50,40,50,30,50,30,50,50,50,70,50,60,30,2
901,0,15,85,82,70,70,60,80,50,85,40,60,90,75,100,15,85,70,90,50,1
902,1,1,100,100,100,100,40,35,40,100,1,40,50,30,100,1,80,70,100,80,1
903,0,30,15,15,15,70,70,75,75,15,40,65,25,70,60,50,75,10,90,15,2
904,0,75,70,75,50,75,40,50,50,75,45,50,75,100,75,50,100,75,75,50,1
905,0,50,40,30,15,50,40,60,60,50,40,50,50,60,50,40,100,50,50,1,2
906,0,100,1,1,15,85,50,100,40,50,15,60,15,100,85,85,100,50,40,15,2
907,1,85,100,50,100,100,60,70,30,50,40,15,50,100,85,50,30,50,70,85,1
908,0,97,92,39,84,97,95,82,97,1,81,63,83,98,99,99,89,0,99,88,1
909,0,1,85,85,60,85,15,40,60,85,15,70,85,1,70,1,100,85,85,60,1
910,2,100,88,72,100,100,73,86,15,90,16,89,99,100,100,50,99,93,55,91,2
911,0,85,100,100,85,100,60,100,70,100,1,100,100,100,100,1,70,100,100,85,1
912,0,15,90,85,70,85,30,15,30,90,15,30,60,15,90,1,40,85,100,70,1
913,0,85,85,70,85,85,85,85,60,85,60,85,85,100,85,85,85,85,85,40,2
914,0,22,41,17,41,71,60,73,70,85,16,70,71,77,86,100,99,50,85,1,2
915,0,15,40,40,50,60,40,15,50,60,50,60,70,85,70,15,60,50,85,60,1
916,0,28,83,80,70,76,36,56,80,77,37,45,80,79,84,51,60,78,63,79,1
917,0,52,40,17,15,85,60,90,31,50,15,70,50,95,70,84,93,70,60,15,2
918,0,15,85,85,85,85,30,30,30,85,15,50,85,15,85,15,85,85,100,85,1
919,0,85,70,40,40,85,70,60,60,70,70,50,70,100,85,50,85,50,85,50,2
920,0,30,50,40,40,85,15,60,30,15,30,60,30,60,100,999,70,100,60,999,1
921,0,99,100,69,99,91,99,52,77,99,55,91,45,100,100,89,81,100,98,99,2
922,0,40,60,70,85,85,40,40,40,40,40,40,50,100,100,1,85,40,70,40,1
923,0,100,40,15,40,70,40,100,70,40,60,70,30,100,100,85,70,40,70,40,2
924,0,16,29,31,34,83,11,37,23,91,32,15,69,62,64,21,79,51,78,18,2
925,0,42,53,69,83,60,32,73,86,52,39,41,61,83,60,18,38,49,70,69,1
926,1,65,60,70,30,69,25,70,69,65,52,50,50,85,49,22,70,50,68,48,2
927,0,43,51,52,42,51,52,62,83,51,73,62,42,86,53,40,86,52,72,32,1
928,0,30,50,50,40,60,40,60,60,60,40,40,60,85,70,60,85,60,85,15,3
929,0,90,30,10,10,90,70,90,60,50,60,85,50,100,90,70,100,50,85,1,2
930,0,40,50,30,70,85,40,70,60,50,60,40,50,85,85,60,70,30,70,50,2
931,0,70,40,40,40,60,60,70,60,40,40,70,60,85,85,40,85,30,60,40,2
932,0,1,84,60,69,60,40,16,50,61,50,16,50,85,50,2,50,41,70,40,1
933,0,100,15,40,100,85,15,40,50,85,40,85,85,70,85,40,85,85,100,40,2
934,0,85,85,70,70,100,60,60,50,70,50,30,70,40,70,40,40,70,30,100,1
935,0,72,100,97,88,94,35,18,56,100,49,63,100,94,84,51,77,100,95,100,1
936,0,50,50,50,50,60,85,85,50,50,50,70,50,100,85,50,85,50,100,60,2
937,0,35,50,40,25,40,70,80,80,70,60,85,60,50,60,50,75,70,60,55,2
938,0,40,50,70,70,60,40,50,70,50,40,50,50,70,50,40,70,50,70,50,1
939,0,50,40,30,85,50,60,60,60,60,70,70,40,70,50,50,85,60,60,30,2
940,0,50,58,58,68,51,46,50,51,87,54,51,93,52,93,64,99,70,100,92,1
941,0,15,1,70,100,70,30,15,60,1,15,60,15,100,85,1,100,1,100,1,2
942,0,1,60,60,50,70,15,1,50,60,15,1,70,50,50,1,60,50,70,60,1
943,0,60,50,50,50,60,70,85,70,70,50,70,40,100,85,60,85,50,50,1,2
944,0,50,50,50,50,50,50,51,69,51,61,51,49,95,51,51,88,50,51,50,2
945,0,1,100,100,100,100,51,18,85,100,1,71,71,32,100,1,71,100,86,84,1
946,0,100,51,71,69,99,70,61,100,84,99,65,70,86,99,86,99,68,72,70,1
947,0,1,3,50,85,50,15,50,50,50,15,50,50,85,50,50,100,50,50,50,2
948,0,40,50,50,50,50,40,50,60,50,40,50,50,50,50,50,85,50,100,30,2
949,0,85,1,15,40,50,60,70,50,30,35,50,50,100,85,70,100,30,50,1,2
950,0,30,85,85,70,70,30,40,40,85,40,50,60,50,85,30,70,85,70,85,1
951,0,30,40,40,60,60,40,60,40,40,40,40,50,70,50,60,70,30,55,15,2
952,0,2,50,97,41,71,12,15,33,83,14,39,49,51,98,1,72,86,85,31,1
953,0,50,30,15,30,50,40,100,30,1,40,50,1,100,50,85,100,1,60,1,2
954,0,78,58,0,0,77,50,75,58,67,64,56,77,78,65,0,89,57,75,65,2
955,0,1,100,50,60,50,50,30,70,50,50,50,50,25,50,1,65,60,100,50,1
956,0,50,60,75,50,45,40,50,40,75,30,75,50,75,40,50,35,50,40,1,3
957,0,50,50,60,60,50,85,60,85,40,60,70,50,70,50,50,85,50,85,15,2
958,0,50,50,50,50,70,85,50,100,50,40,100,50,50,50,85,55,999,50,85,2
959,0,60,50,45,80,60,45,50,45,50,40,40,100,100,50,35,60,50,100,100,1
960,0,69,48,34,60,83,53,62,85,85,29,86,80,84,86,62,91,81,70,16,2
961,0,70,15,30,70,85,85,70,60,40,50,50,50,85,70,50,85,50,50,1,2
962,0,61,50,1,1,51,79,95,85,50,94,70,1,91,51,96,93,16,95,1,2
963,0,100,15,15,15,100,85,100,70,15,85,85,1,100,85,85,100,15,40,15,2
964,0,40,15,50,30,50,40,40,30,70,40,50,50,50,50,50,85,50,60,30,4
965,0,65,50,60,40,70,55,60,60,70,55,60,50,85,75,55,75,90,50,30,2
966,0,85,85,30,31,88,85,86,61,85,25,84,84,97,84,51,99,85,85,50,2
967,0,83,92,79,70,100,70,79,70,79,85,70,92,100,90,40,70,70,85,100,1
968,0,41,40,50,100,60,54,62,31,18,52,51,3,100,50,54,54,50,80,1,3
969,0,100,15,1,40,85,40,100,70,50,30,85,50,100,100,50,100,50,50,1,2
970,0,85,40,40,60,70,50,60,40,40,40,50,40,100,60,40,85,40,60,40,2
971,0,1,50,1,50,50,50,30,50,50,30,50,30,30,50,60,100,50,30,1,3
972,0,30,30,40,40,60,40,60,85,70,40,50,70,40,85,15,60,50,70,40,2
973,0,70,1,1,30,100,70,70,60,70,70,70,85,70,100,70,100,15,85,1,2
974,2,100,61,52,59,73,41,69,72,50,71,51,73,100,72,53,83,50,72,15,1
975,0,61,70,60,62,60,54,60,59,66,56,53,57,60,70,50,87,60,84,47,3
976,0,50,50,50,50,50,50,50,50,50,50,50,50,50,50,50,70,50,85,50,2
977,0,85,70,60,60,85,60,40,100,100,40,40,85,100,100,50,85,50,100,85,1
978,0,85,15,1,1,85,85,100,60,50,30,50,40,100,85,85,100,15,60,1,2
979,0,70,0,60,60,70,60,60,60,0,60,50,60,70,0,0,85,0,85,70,1
980,0,50,50,50,70,60,50,50,60,50,70,50,50,70,50,50,85,50,60,50,2
981,0,40,40,40,70,70,40,30,85,50,15,40,70,60,60,60,85,40,85,30,2
982,0,30,15,40,1,40,30,50,85,60,30,40,50,85,85,30,100,50,70,1,2
983,0,10,40,40,40,50,50,20,80,50,40,50,85,20,50,10,70,85,85,50,1
984,0,1,85,85,85,70,60,15,70,60,1,50,60,60,60,1,85,40,100,60,1
985,0,50,50,50,30,50,50,50,60,50,30,50,40,50,50,50,85,40,60,30,2
986,0,50,85,40,60,100,30,85,40,70,40,40,60,100,85,1,85,40,100,85,1
987,0,64,50,88,85,86,87,78,89,50,75,71,87,99,61,62,72,60,88,81,1
988,0,85,50,15,40,70,60,99,70,50,46,50,41,85,85,100,100,50,50,1,2
989,0,4,98,81,81,67,40,11,68,80,3,15,83,16,84,2,48,82,85,67,1
990,0,60,50,1,40,100,85,100,60,50,70,100,60,100,100,85,100,50,50,1,2
991,0,1,50,40,50,50,40,60,50,50,40,50,50,70,50,40,60,50,70,40,1
992,0,50,50,50,40,70,50,50,50,50,40,50,50,60,50,50,40,50,60,60,1
993,0,0,0,15,50,85,0,100,70,0,60,50,0,100,0,0,85,0,0,15,2
994,0,85,1,1,40,100,100,100,15,40,70,100,15,85,100,100,100,1,85,1,2
995,0,60,70,50,50,85,50,70,70,50,70,50,50,70,70,50,85,70,50,15,1
996,0,71,74,49,69,49,60,68,73,86,32,60,50,71,70,32,86,71,86,18,1
997,0,50,50,40,70,50,50,60,50,50,40,50,40,60,50,40,60,50,70,40,2
998,0,85,50,70,70,100,70,85,85,85,1,60,1,100,100,70,85,60,70,15,3
999,0,47,59,15,70,90,76,83,52,70,44,83,21,87,94,70,94,51,90,37,2
1000,0,32,100,84,71,98,39,1,84,85,51,31,70,72,98,16,100,85,83,40,1
1001,0,70,60,40,50,50,85,70,85,50,50,100,50,100,100,70,70,50,60,30,2
1002,0,61,52,42,72,86,87,60,99,71,62,62,72,73,87,71,86,72,99,52,2
1003,0,70,40,40,30,50,40,70,60,50,30,50,30,85,50,60,85,40,70,30,2
1004,0,51,70,51,51,77,69,85,85,50,39,60,50,99,51,51,100,51,98,97,2
1005,0,50,50,50,30,50,30,50,50,50,30,1,50,50,50,50,85,50,70,1,2
1006,0,30,60,70,50,85,15,40,70,85,15,30,60,50,70,30,70,85,70,70,1
1007,0,72,0,61,73,0,51,62,52,4,0,51,0,96,88,0,98,34,86,54,2
1008,0,50,60,85,70,100,50,30,60,100,40,50,85,100,85,30,100,100,85,70,1
1009,0,1,50,50,70,70,60,40,40,50,1,50,50,50,50,15,70,50,100,85,1
1010,0,85,100,30,50,100,100,100,100,1,85,100,60,100,100,50,70,1,100,60,2
1011,0,40,60,85,60,85,50,85,85,85,15,50,85,85,85,15,85,85,85,60,1
1012,0,50,30,30,30,70,50,50,85,50,50,40,30,85,50,70,40,50,50,30,2
1013,0,10,50,50,50,50,30,50,85,50,15,50,50,50,50,1,70,50,100,50,1
1014,0,60,40,40,50,50,50,60,40,40,50,50,30,60,85,50,70,40,70,30,2
1015,0,50,50,40,70,70,50,60,50,50,50,50,50,100,60,50,100,50,50,50,2
1016,0,5,51,69,55,49,5,30,20,50,30,40,50,49,50,45,38,50,90,75,1
1017,0,40,50,40,50,60,40,50,40,50,15,50,50,60,60,40,85,40,50,15,2
1018,0,40,71,43,61,60,60,48,44,50,60,38,53,62,51,58,61,52,51,50,2
1019,0,16,69,85,59,83,30,16,41,85,31,32,85,40,85,60,86,69,86,85,1
1020,0,60,40,40,85,70,40,60,70,70,50,40,60,85,60,50,100,70,70,40,3
1021,0,50,50,15,30,85,50,60,50,50,30,50,40,85,50,60,100,50,50,30,2
1022,0,30,70,60,85,60,60,60,30,40,30,60,70,100,85,50,50,70,50,70,1
1023,0,53,1,31,87,85,52,100,19,50,1,85,1,100,54,89,50,32,85,1,2
1024,0,40,0,0,60,0,30,0,40,0,20,0,0,0,0,30,0,60,0,60,1
1025,0,50,60,60,85,70,31,70,70,60,62,40,50,85,59,31,98,50,99,60,1
1026,0,85,62,30,100,100,42,81,85,60,87,70,70,100,100,50,100,50,93,100,2
1027,0,100,100,70,85,100,100,70,85,100,100,100,100,100,100,100,100,100,100,100,2
1028,0,62,40,15,30,70,70,90,50,50,40,70,40,85,50,85,85,50,50,15,2
1029,0,0,88,61,63,88,60,85,74,83,59,86,51,98,85,51,91,84,88,50,2
1030,0,50,85,50,100,70,15,85,30,50,10,50,85,85,85,1,40,50,100,100,1
1031,0,60,49,53,50,71,71,51,50,52,60,69,50,100,50,97,100,50,83,58,2
1032,0,48,49,50,61,50,50,51,50,60,60,38,1,98,30,50,92,50,95,1,2
1033,0,49,72,51,77,68,38,50,50,99,49,51,83,83,79,50,83,69,81,71,1
1034,0,40,30,15,15,70,60,70,50,15,30,70,30,85,70,85,85,30,70,998,2
1035,0,35,75,75,100,85,1,65,76,85,45,43,75,75,75,45,100,85,55,50,1
1036,0,73,17,29,70,65,50,92,60,77,28,50,58,99,98,70,81,78,62,5,1
1037,0,60,30,15,1,60,60,60,30,40,32,60,15,70,85,50,85,50,85,1,2
1038,0,15,50,49,16,50,51,37,52,51,39,49,49,50,48,17,98,52,99,38,1
1039,0,87,12,16,17,80,91,92,72,71,62,82,81,94,93,95,97,64,86,2,2
1040,0,50,50,40,50,70,60,60,60,70,60,70,70,85,70,50,85,70,70,70,2
1041,0,15,98,69,70,71,40,39,51,85,15,67,71,60,86,29,41,98,98,60,1
1042,0,1,85,70,15,70,70,1,60,85,50,70,70,50,50,1,85,70,85,50,3
1043,0,70,85,85,30,100,40,30,50,85,15,60,85,85,85,60,85,85,85,85,1
1044,0,1,100,100,85,100,40,1,70,100,15,100,100,40,100,1,100,100,100,100,1
1045,0,50,50,50,50,50,40,60,50,50,50,50,50,50,50,50,40,50,70,50,2
1046,0,15,60,70,60,60,30,40,40,50,30,40,50,50,50,15,70,50,85,60,1
1047,2,53,2,54,53,62,51,53,75,17,63,62,1,88,87,53,100,1,52,2,2
1048,0,50,40,40,50,50,40,50,50,50,50,50,50,60,50,50,100,50,50,15,2
1049,0,100,50,39,39,99,39,99,87,59,52,50,51,100,100,99,99,50,51,30,2
1050,0,100,52,50,100,38,52,70,51,51,50,51,50,97,51,51,39,50,51,99,2
1051,0,0,60,0,50,70,30,65,0,50,65,60,0,75,75,0,75,50,70,50,2
1052,0,100,50,30,70,50,40,30,40,30,50,50,50,100,50,50,70,30,50,60,2
1053,0,99,100,97,96,99,97,73,100,99,81,88,99,98,99,99,73,98,98,98,1
1054,0,1,86,98,85,67,15,7,55,99,6,40,74,7,70,1,40,97,99,70,1
1055,0,60,50,60,60,60,40,50,60,50,60,40,60,85,70,40,70,40,85,60,1
1056,0,50,40,40,60,50,30,50,40,50,50,50,50,85,50,50,70,50,50,40,2
1057,0,52,61,70,76,85,85,62,85,51,85,61,51,92,70,52,86,51,91,57,2
1058,0,0,0,0,70,0,0,1,0,60,0,0,1,0,0,1,100,0,70,50,2
1059,0,30,75,80,40,70,60,30,60,85,15,60,50,60,100,15,75,70,85,40,1
1060,0,15,50,40,30,50,60,70,50,40,30,40,15,50,50,70,40,15,85,30,1
1061,0,70,30,1,17,85,50,90,85,1,90,50,20,85,50,88,100,10,30,1,2
1062,0,40,1,50,40,50,40,60,40,50,30,50,50,50,50,50,70,50,100,1,2
1063,0,15,50,60,50,60,50,30,70,0,30,50,50,50,50,50,50,50,85,15,1
1064,0,40,17,70,77,50,50,31,46,47,40,42,52,62,61,33,76,41,79,42,1
1065,0,85,40,60,60,70,70,85,70,85,50,60,60,85,85,70,60,70,85,85,1
1066,0,94,53,33,42,51,41,88,72,41,54,43,43,92,52,42,88,32,70,31,2
1067,0,40,70,50,40,50,40,50,85,50,40,50,50,50,50,40,100,50,85,70,1
1068,0,15,70,70,70,100,40,40,60,60,1,50,70,100,70,1,40,50,100,70,1
1069,0,50,40,30,60,50,40,60,60,50,60,50,50,85,50,60,85,50,60,40,2
1070,0,100,50,50,100,100,70,50,50,50,40,100,50,100,100,50,100,50,100,1,1
1071,0,85,50,60,60,100,40,85,40,50,40,70,50,100,100,60,85,50,70,1,2
1072,0,15,100,95,50,60,1,15,60,100,40,14,65,50,65,15,50,100,85,95,1
1073,0,65,60,73,98,79,17,62,70,60,32,43,44,92,99,50,27,57,89,45,1
1074,0,1,70,85,100,85,60,30,70,50,15,70,85,15,100,1,85,70,100,70,1
1075,0,70,1,1,1,50,70,100,85,85,30,50,85,100,100,100,85,85,60,1,2
1076,0,40,50,70,70,60,40,30,40,60,30,50,60,85,60,50,70,60,85,50,1
1077,0,100,100,50,100,60,50,100,50,1,85,50,50,100,50,50,100,1,100,100,1
1078,0,40,60,70,50,60,50,60,60,60,40,40,50,60,60,30,50,60,70,50,3
1079,0,1,70,55,60,50,45,60,45,60,1,50,15,40,40,1,40,60,70,1,2
1080,0,40,70,70,70,70,30,50,50,70,30,60,70,70,85,15,70,70,70,60,1
1081,0,0,40,60,70,60,40,50,50,60,50,40,0,85,85,1,85,70,70,85,1
1082,0,70,50,40,70,50,60,60,85,30,70,60,15,70,50,50,100,50,85,50,2
1083,0,50,60,50,40,70,40,50,100,50,40,60,40,70,50,40,85,50,85,50,2
1084,0,45,1,1,36,70,55,0,38,16,20,51,1,99,32,42,99,3,17,2,2
1085,0,70,1,1,1,50,70,100,30,30,15,70,15,100,70,85,85,1,70,1,2
1086,0,40,70,70,50,50,50,30,60,60,40,50,50,70,50,1,40,50,85,85,1
1087,0,70,40,60,70,100,60,85,70,85,70,85,100,100,100,70,85,85,85,85,2
1088,0,100,100,0,100,100,100,40,70,100,60,70,100,100,1,60,40,100,100,100,1
1089,0,50,50,15,30,60,60,70,70,15,40,85,60,100,100,40,100,40,85,50,2
1090,0,85,998,85,85,100,70,70,70,85,50,70,85,100,85,40,85,85,85,85,1
1091,0,85,70,50,85,100,40,15,85,50,85,1,60,100,70,50,60,50,85,100,1
1092,0,97,1,2,16,70,51,85,29,16,39,51,30,98,98,51,85,30,49,29,2
1093,0,85,50,1,50,60,50,100,75,50,50,50,50,100,50,50,85,30,50,50,2
1094,0,30,97,64,69,84,60,40,69,98,42,71,84,70,98,15,72,97,98,72,1
1095,0,62,0,85,62,0,0,38,23,0,19,0,0,70,73,31,73,0,77,50,1
1096,0,0,60,40,40,100,70,85,85,0,40,70,70,100,85,60,85,70,85,1,2
1097,0,30,100,100,70,85,60,40,85,100,40,100,100,100,100,30,85,85,100,100,1
1098,0,50,50,60,60,85,50,50,50,50,50,50,60,100,70,50,100,50,60,50,1
1099,0,40,100,66,98,100,40,37,96,100,40,100,100,100,100,30,50,100,100,96,1
1100,0,99,14,15,50,92,33,95,84,83,31,50,85,99,85,72,97,85,74,25,2
1101,0,60,15,15,60,85,40,85,60,1,15,0,0,85,0,100,85,1,100,1,2
1102,0,80,50,60,60,60,60,75,60,70,50,60,40,85,50,50,85,25,85,60,2
1103,0,30,40,85,70,85,60,40,60,85,70,70,30,30,30,70,85,60,100,60,1
1104,0,22,89,90,76,81,89,6,35,89,12,79,91,90,93,1,91,90,89,72,1
1105,0,50,45,45,50,50,30,70,50,50,45,50,40,85,50,50,70,45,80,30,2
1106,0,56,55,15,51,40,60,73,50,43,73,63,40,82,60,40,60,34,75,15,2
1107,0,68,61,46,52,61,52,100,74,75,43,60,51,99,83,70,85,51,50,18,2
1108,0,1,85,85,85,85,30,30,60,100,15,50,85,60,85,15,70,100,100,85,1
1109,0,43,52,51,99,87,50,52,86,99,72,42,41,99,100,85,99,41,85,3,1
1110,0,1,40,40,40,70,40,70,60,70,30,70,40,1,70,70,60,50,85,40,2
1111,0,0,70,85,100,85,40,15,15,85,30,30,85,100,85,30,15,85,100,100,1
1112,0,15,60,40,50,50,50,30,85,50,50,50,50,50,50,40,50,50,85,40,3
1113,0,71,85,61,86,75,70,71,70,17,71,70,60,99,71,85,99,31,99,61,2
1114,0,50,40,40,40,70,50,70,60,85,40,70,70,85,100,60,85,85,85,1,2
1115,0,77,49,41,51,56,70,86,71,51,70,49,61,99,70,70,86,50,86,52,2
1116,0,85,50,30,40,100,60,100,70,40,85,70,30,100,50,50,85,30,85,40,2
1117,0,40,15,15,30,50,60,85,70,60,15,50,30,70,60,85,60,60,50,1,2
1118,0,30,1,1,15,60,30,30,40,1,40,15,30,85,15,15,60,15,70,40,1
1119,0,30,99,69,80,92,41,60,85,100,50,41,95,100,86,78,76,91,100,71,1
1120,2,100,1,1,85,85,60,70,15,1,15,60,30,100,85,15,60,1,70,1,2
1121,0,70,60,50,70,85,70,70,85,85,60,70,70,85,85,60,85,85,85,70,2
1122,0,85,50,1,70,50,40,60,40,50,30,70,1,85,50,60,100,30,70,1,2
1123,0,28,50,74,2,70,17,51,61,51,81,43,50,50,50,0,80,32,31,12,3
1124,0,998,50,85,40,85,70,85,85,100,60,50,85,100,100,998,100,998,70,85,2
1125,0,69,16,40,40,59,60,92,59,50,40,60,30,84,73,78,69,50,40,2,2
1126,0,52,52,40,85,49,61,53,70,51,69,51,50,81,50,50,88,50,70,17,2
1127,0,100,40,40,40,60,40,70,40,40,40,60,0,100,0,60,100,40,60,40,2
1128,0,1,85,80,20,70,65,15,50,90,15,5,80,20,80,20,75,80,85,70,1
1129,0,70,40,30,15,100,85,85,85,100,30,85,50,85,100,70,100,40,85,30,3
1130,0,100,1,50,60,100,50,50,15,1,50,50,1,100,50,50,1,50,70,50,1
1131,0,52,77,50,52,85,46,49,52,87,17,81,92,85,85,41,100,85,100,76,1
1132,0,41,70,85,41,61,50,70,51,51,50,51,51,99,71,0,85,51,70,70,2
1133,0,52,88,89,57,68,60,67,57,87,60,53,83,74,92,87,71,89,73,88,1
1134,0,50,50,50,100,100,50,50,100,1,50,100,50,100,100,50,100,1,100,100,2
1135,0,16,71,85,79,85,50,24,72,85,25,50,85,86,50,1,84,85,85,100,1
1136,0,85,30,1,50,15,1,85,70,50,15,1,30,86,15,86,100,15,60,1,2
1137,0,1,100,85,70,60,20,1,60,100,40,60,60,65,85,20,70,100,100,60,1
1138,0,60,50,50,16,50,60,50,70,50,16,50,50,70,50,60,85,50,50,40,2
1139,0,99,1,1,37,82,99,99,86,85,16,99,15,99,99,97,100,1,1,1,2
1140,0,70,70,70,70,85,60,50,60,60,60,60,40,70,60,30,60,60,85,70,1
1141,0,51,32,18,52,52,50,71,71,51,52,51,1,85,52,61,85,31,62,1,2
1142,0,60,70,60,70,85,30,40,50,60,40,50,60,85,60,40,85,50,70,50,1
1143,0,50,30,15,15,50,50,50,30,50,30,50,50,50,50,50,85,40,50,15,2
1144,0,29,28,1,15,52,40,85,84,30,16,51,1,85,31,31,69,16,86,1,2
1145,0,998,50,50,50,70,40,50,40,1,50,85,30,70,998,15,60,998,60,15,2
1146,0,30,31,39,41,50,50,59,32,51,15,51,31,52,98,31,86,50,61,2,2
1147,0,100,1,50,60,100,100,100,60,50,60,85,70,100,85,100,100,50,100,1,2
1148,0,85,44,19,43,85,62,85,61,17,62,85,8,100,85,85,87,1,52,1,2
1149,0,50,50,60,60,50,60,50,50,30,50,40,40,85,30,15,70,40,15,60,2
1150,0,50,50,40,60,60,40,70,85,50,70,40,50,85,70,30,85,50,50,50,2
1151,0,85,50,50,0,60,60,60,50,50,50,60,50,85,100,50,85,50,85,70,2
1152,0,60,70,62,59,66,59,45,72,40,61,34,36,65,47,31,46,29,62,65,1
1153,1,40,100,100,50,100,85,100,70,100,40,50,100,70,100,50,30,100,60,100,1
1154,0,60,60,30,40,50,60,85,70,50,50,70,40,60,60,60,70,50,70,30,2
1155,0,42,51,31,73,78,47,72,60,51,30,61,40,100,72,51,100,50,85,2,2
1156,0,50,60,70,30,70,30,50,60,85,15,50,60,100,85,40,85,85,85,70,1
1157,0,85,15,30,50,85,50,50,50,30,30,50,40,100,85,60,85,15,70,1,2
1158,0,0,60,30,1,70,50,30,70,85,70,50,50,100,50,50,40,50,85,50,1
1159,0,30,50,31,50,60,50,70,30,40,40,50,40,60,59,60,60,50,60,50,2
1160,0,1,100,40,100,100,50,15,70,100,30,50,100,30,100,1,15,100,100,100,1
1161,0,15,15,70,30,30,60,60,60,70,60,60,40,50,50,1,50,50,70,15,2
1162,2,50,60,40,30,70,40,70,40,50,15,50,60,70,70,60,70,50,70,70,2
1163,0,51,31,50,50,78,40,51,51,7,51,51,42,92,84,39,70,1,51,51,1
1164,0,100,30,1,2,50,15,98,70,30,70,50,40,100,50,85,100,1,70,1,2
1165,0,99,51,16,50,100,99,99,100,41,41,99,16,98,97,99,99,30,98,2,2
1166,1,10,70,57,61,77,25,45,43,72,12,1,50,25,75,44,40,69,79,57,1
1167,0,1,60,70,40,70,85,30,85,85,70,85,60,85,100,30,70,70,100,60,1
1168,0,50,100,30,100,100,40,85,40,85,60,100,50,50,50,40,70,85,100,50,2
1169,0,30,80,70,55,75,40,45,85,90,45,45,70,75,70,40,70,90,85,90,1
1170,0,17,99,99,86,97,14,13,73,97,61,30,98,62,98,10,96,98,98,99,1
1171,0,70,1,15,30,60,40,70,40,50,80,15,40,85,85,50,85,50,70,40,2
1172,0,60,50,75,75,50,60,50,60,50,40,50,40,60,50,60,85,50,80,30,1
1173,0,100,999,85,85,85,100,85,100,50,100,100,60,100,70,50,100,15,100,100,1
1174,0,50,50,50,50,50,50,50,40,50,50,50,50,50,50,50,50,50,85,50,3
1175,0,50,15,15,16,50,50,98,50,40,41,50,15,85,85,60,70,2,50,16,2
1176,0,5,27,17,4,53,8,8,52,5,38,13,17,12,52,52,85,1,90,2,2
1177,0,1,50,50,50,100,50,50,50,0,50,1,50,100,50,50,100,0,50,100,1
1178,0,65,65,50,40,65,70,65,55,50,30,60,25,90,85,50,70,15,95,50,2
1179,0,95,30,1,15,95,60,100,50,1,50,60,25,95,100,100,100,1,50,30,2
1180,0,60,30,0,50,70,85,85,70,50,60,70,50,85,70,70,85,50,70,1,2
1181,0,50,70,50,70,0,30,70,60,50,70,50,70,85,0,1,60,0,100,70,1
1182,0,70,65,70,45,90,65,60,50,75,40,50,80,95,95,46,55,50,85,80,2
1183,0,60,50,30,30,60,70,100,60,50,40,50,50,70,50,70,70,40,70,30,2
1184,0,50,60,60,50,60,50,38,32,60,14,51,51,85,62,30,60,61,85,85,1
1185,0,50,70,50,70,70,50,70,50,85,50,70,70,70,70,50,85,85,70,40,2
1186,0,50,100,30,85,60,40,100,40,100,30,85,85,100,100,40,100,100,50,85,2
1187,0,40,100,100,100,100,70,15,100,10,60,100,100,100,100,1,85,100,100,100,1
1188,0,51,41,16,40,51,70,85,71,50,60,60,41,61,70,60,71,51,85,15,2
1189,0,60,15,1,30,100,85,85,15,50,30,50,40,100,70,70,100,40,70,15,2
1190,0,16,72,85,71,60,39,44,70,51,34,60,45,44,66,12,78,54,96,54,1
1191,0,15,85,100,70,85,1,30,70,100,30,40,85,40,100,15,85,100,100,100,1
1192,0,50,50,35,45,50,50,76,65,50,25,51,100,100,100,50,100,50,100,35,2
1193,0,30,70,70,50,70,60,40,70,100,50,70,85,40,85,15,70,70,85,100,1
1194,0,50,31,38,29,51,70,66,61,50,69,50,51,96,71,53,98,23,66,27,2
1195,0,99,41,31,39,86,70,99,31,1,31,85,41,0,100,100,100,1,71,1,2
1196,0,84,100,85,100,100,100,100,100,51,100,51,71,85,85,85,100,51,100,71,1
1197,0,7,98,100,70,95,69,56,54,98,54,73,70,74,100,54,69,100,95,81,1
1198,0,1,60,85,70,50,60,40,60,85,15,60,60,50,60,1,60,60,85,40,1
1199,0,50,100,70,61,85,31,70,60,70,40,50,61,70,70,30,85,70,70,70,1
1200,0,100,100,100,100,100,100,100,50,100,70,70,100,100,100,70,40,100,100,100,1
1201,0,70,50,1,50,70,70,85,15,60,30,85,55,100,85,1,100,60,70,1,2
1202,0,60,70,15,100,100,70,70,70,100,60,70,1,70,100,60,100,70,100,1,2
1203,0,50,70,40,85,100,70,100,85,70,85,85,85,100,70,85,70,50,85,70,2
1204,0,100,60,70,60,100,60,80,50,50,60,70,90,100,100,50,80,50,70,100,1
1205,0,45,50,40,90,70,60,98,95,71,70,70,50,100,85,50,85,45,100,50,2
1206,0,50,70,30,100,85,30,60,70,70,15,50,70,100,70,100,85,60,70,100,1
1207,0,70,50,15,60,70,70,85,1,50,30,50,30,100,50,50,100,50,85,1,2
1208,0,51,41,52,50,99,40,60,60,87,61,85,51,99,95,40,99,58,51,99,2
1209,0,80,75,40,60,85,40,60,75,90,25,65,90,90,90,40,70,70,80,60,3
1210,0,1,85,85,70,70,1,15,60,100,1,40,70,1,100,1,60,85,100,40,1
1211,0,100,15,30,40,85,60,100,85,50,45,50,30,100,100,70,100,40,70,30,2
1212,0,100,100,100,100,100,100,40,85,100,1,100,100,100,100,1,100,100,100,100,1
1213,0,40,50,50,30,50,30,50,50,50,40,50,50,50,50,30,60,50,100,60,2
1214,0,61,41,51,63,51,51,50,51,1,51,50,7,71,61,61,89,1,70,14,2
1215,0,0,0,15,0,85,40,100,0,0,85,60,0,100,100,0,100,0,60,0,2
1216,0,50,50,50,40,50,50,50,60,50,40,50,50,50,50,50,85,50,70,1,2
1217,0,50,85,70,60,85,15,50,85,70,40,50,70,50,85,1,70,50,100,85,1
1218,0,30,15,50,30,50,50,50,70,50,30,50,1,50,50,50,85,50,70,15,2
1219,0,50,51,66,52,59,51,56,45,84,40,56,80,70,82,51,84,61,78,46,1
1220,0,50,50,15,40,50,40,60,30,50,40,50,50,100,50,60,85,50,85,15,2
1221,0,42,41,42,41,51,51,61,70,32,41,61,71,61,60,41,61,30,50,41,2
1222,0,30,50,50,50,50,60,50,50,50,998,50,50,50,50,50,50,50,100,40,2
1223,0,70,1,15,15,50,50,70,50,50,40,50,30,70,50,70,85,15,50,1,2
1224,0,92,40,28,71,86,87,85,49,51,60,83,60,75,85,71,86,29,52,51,2
1225,0,70,15,30,40,100,40,85,70,60,30,30,40,85,85,60,70,60,85,15,2
1226,0,1,85,85,85,85,60,1,60,60,30,70,70,60,70,1,70,60,100,70,1
1227,0,50,40,70,40,85,60,60,70,50,40,60,50,100,85,50,85,50,50,50,2
1228,0,1,70,85,50,60,70,30,50,100,60,70,70,30,100,30,50,85,85,85,1
1229,0,100,50,1,1,100,50,100,60,50,40,100,40,100,100,100,85,1,100,1,2
1230,0,2,75,85,85,83,32,18,51,84,1,7,72,16,30,2,71,77,86,59,1
1231,0,40,50,30,50,60,15,70,50,50,1,50,60,60,50,60,85,50,60,1,2
1232,0,998,85,50,40,85,40,60,60,85,60,70,15,100,50,50,60,85,70,85,1
1233,0,70,60,15,60,60,70,85,70,50,70,85,60,100,70,85,85,70,85,50,2
1234,0,85,85,85,85,85,60,65,66,100,46,85,100,85,99,55,70,85,85,85,1
1235,0,70,40,30,50,40,50,85,60,85,60,50,85,85,85,50,100,50,70,60,2
1236,0,60,60,60,70,85,70,85,60,50,70,70,70,100,85,70,85,50,85,50,2
1237,0,1,60,40,50,60,15,85,50,100,50,40,85,85,100,50,70,100,70,50,2
1238,0,1,60,100,99,85,12,1,73,96,1,50,40,40,85,1,85,100,100,100,1
1239,0,1,50,90,60,70,30,1,15,70,15,50,70,50,50,1,15,70,78,50,1
1240,0,60,70,70,70,100,60,60,85,85,60,40,60,70,60,50,70,70,100,100,1
1241,0,26,90,75,27,66,76,39,43,86,38,53,78,45,74,67,87,78,93,75,3
1242,0,50,50,50,50,50,50,50,50,50,50,50,50,50,50,50,50,50,50,50,2
1243,0,50,50,50,50,85,50,50,50,60,50,50,50,85,50,50,85,60,50,100,1
1244,0,60,40,40,50,60,70,70,60,60,40,60,60,85,60,50,85,50,60,60,2
1245,0,45,40,50,50,85,20,50,50,55,25,30,25,50,50,50,85,50,50,40,3
1246,0,79,96,53,91,87,55,36,45,93,35,49,57,94,50,65,74,87,82,0,1
1247,0,50,50,15,40,60,85,85,60,60,50,85,60,60,85,50,85,40,60,40,2
1248,0,50,50,50,85,85,85,50,70,50,85,70,50,100,70,50,85,50,70,75,1
1249,0,30,85,70,50,85,30,85,70,85,15,60,85,85,85,15,40,85,100,60,1
1250,0,25,60,40,65,60,20,20,50,60,20,20,70,40,60,50,35,60,100,60,4
1251,0,5,75,95,75,85,25,25,65,95,5,25,95,75,95,25,98,95,100,65,1
1252,0,100,40,1,1,70,40,100,70,1,15,50,1,100,50,70,100,30,60,40,2
1253,0,50,40,50,70,70,70,70,70,85,50,60,40,60,60,60,100,70,100,30,2
1254,0,85,60,70,70,85,70,60,70,70,70,60,60,70,85,50,60,60,85,50,1
1255,0,100,40,15,60,85,85,85,70,50,70,85,50,100,85,100,85,50,70,15,2
1256,0,98,2,52,32,0,70,87,97,100,3,60,43,0,98,51,87,51,63,2,2
1257,0,1,100,85,70,85,60,40,50,95,30,50,50,50,50,1,85,70,100,100,1
1258,0,70,50,30,30,70,40,60,50,50,40,40,50,70,50,50,70,50,60,30,2
1259,0,60,50,50,50,50,60,85,50,50,85,50,50,85,50,70,100,50,70,40,2
1260,0,41,50,51,60,50,2,40,62,72,40,1,51,51,50,51,41,51,70,40,1
1261,0,70,85,15,40,60,85,85,85,1,40,85,15,85,85,70,85,15,70,1,2
1262,0,77,44,51,77,71,92,76,66,1,59,79,1,92,1,54,100,8,80,1,2
1263,0,100,1,60,40,70,15,30,40,1,40,30,1,100,50,30,15,1,15,85,1
1264,0,50,50,50,100,70,50,50,50,50,40,50,70,60,70,40,50,50,50,50,1
1265,0,100,1,1,50,0,50,100,6,1,50,0,0,100,0,50,70,1,0,6,2
1266,0,50,50,50,50,50,50,50,50,50,50,50,50,50,50,50,50,50,50,50,3
1267,0,69,30,50,50,51,51,71,50,50,41,50,40,85,71,71,69,42,51,2,2
1268,0,60,50,50,50,70,40,70,70,50,50,50,40,70,60,40,70,50,50,50,2
1269,0,1,100,59,69,85,32,31,31,100,7,47,62,1,63,1,75,99,100,98,1
1270,0,15,97,99,61,85,31,29,70,99,16,19,73,40,52,5,62,87,100,61,1
1271,0,70,40,60,70,85,40,60,70,85,40,70,70,85,85,70,70,85,70,40,2
1272,0,100,50,20,50,50,80,60,50,50,85,50,35,100,100,80,100,50,60,1,2
1273,0,43,87,87,62,62,42,42,62,72,18,62,62,63,72,3,62,52,72,62,1
1274,0,16,69,71,56,79,44,34,64,56,53,43,46,82,91,7,90,56,53,56,1
1275,0,52,28,67,47,51,50,50,67,50,64,51,31,88,99,63,81,51,88,1,2
1276,0,40,70,70,60,80,1,30,50,80,10,30,40,40,50,1,40,80,80,80,4
1277,0,85,40,40,50,70,85,85,30,15,50,60,30,100,85,50,30,30,60,60,2
1278,0,1,100,35,100,40,30,65,75,100,45,60,85,45,100,65,85,100,100,30,1
1279,0,100,100,85,1,85,85,100,85,100,85,70,85,100,100,1,100,70,100,1,2
1280,0,30,10,10,50,70,70,45,50,5,30,50,80,70,5,50,40,10,40,10,2
1281,0,60,60,50,60,50,60,85,70,15,60,70,1,85,50,70,85,15,70,1,2
1282,0,60,50,30,60,100,50,70,40,50,30,50,40,85,70,60,85,50,70,1,2
1283,0,77,60,50,51,76,68,70,70,61,65,64,70,100,76,65,69,70,70,30,2
1284,0,47,54,94,98,80,79,82,51,97,50,85,97,97,98,41,98,50,91,31,1
1285,0,50,10,1,50,50,40,90,20,50,20,50,50,90,50,50,90,50,75,20,2
1286,0,40,60,50,50,60,50,50,60,50,40,60,40,70,60,50,50,50,50,50,3
1287,2,95,10,15,71,69,55,100,100,51,1,33,12,99,85,85,85,6,85,1,2
1288,0,70,50,1,85,100,100,85,85,70,70,70,15,100,70,85,85,70,100,1,2
1289,0,70,40,15,30,70,70,70,60,50,50,60,15,70,70,70,85,50,85,1,2
1290,0,1,57,94,72,66,1,1,76,100,8,1,86,1,100,1,41,100,98,96,1
1291,0,100,50,50,50,70,75,60,50,50,50,70,50,60,50,50,60,50,70,60,2
1292,0,60,60,40,70,70,30,60,40,50,1,40,40,85,85,15,85,30,70,30,1
1293,0,50,60,40,30,60,40,60,40,50,50,40,40,70,50,50,70,50,70,30,2
1294,0,50,70,60,100,100,60,50,85,50,60,85,85,100,85,30,85,50,85,85,1
1295,0,60,50,70,85,70,60,50,40,50,40,60,60,60,85,50,40,70,100,70,1
1296,0,50,50,50,50,50,40,50,60,50,15,50,40,50,50,50,70,40,50,40,2
1297,0,60,40,40,60,70,40,40,70,50,60,50,40,85,70,40,85,40,60,15,2
1298,0,1,61,59,63,65,36,4,27,75,16,50,62,36,75,2,74,68,90,55,1
1299,0,70,70,50,60,85,50,85,70,85,40,85,70,85,85,70,85,85,70,50,2
1300,0,30,85,60,65,80,60,40,70,50,15,50,70,80,90,1,90,50,100,65,1
1301,0,33,100,84,73,82,48,30,85,100,43,50,71,89,100,1,58,81,100,64,1
1302,0,16,99,99,89,99,4,29,77,99,15,41,99,28,99,14,77,99,85,87,1
1303,0,100,100,40,100,100,40,40,50,15,1,50,50,100,50,1,100,30,85,100,1
1304,0,1,70,30,40,90,60,60,80,90,50,50,90,100,90,50,80,90,100,1,3
1305,0,40,72,71,62,72,60,42,74,53,30,52,52,71,72,11,73,52,87,72,1
1306,0,15,85,85,85,85,15,40,50,60,30,30,60,60,85,15,40,50,100,85,1
1307,0,1,100,100,85,85,1,15,30,100,1,30,100,40,100,1,30,100,100,100,1
