MUD,,,,,,,,,,Crime Rate
3.9,13.2,338.2,78.4,4534,39,9.8,31.3,1,30.6,6
2.2,6,391.2,115.9,2220,19.7,14.2,34.8,2,48.3,2
2.7,10.5,325.6,85.3,2933,29.8,9,29.8,1,31,11
0,0,446.8,42.3,917,48.5,8.6,36.5,1,51,7
6,10.4,605.8,39.4,11831,39.7,11.9,27.3,1,52,7
4.2,8.2,220.8,62.4,4577,35.2,7.4,21.5,1,19.7,4
4.3,12.4,225.5,60,21539,46.3,10.3,15.6,2,23.5,7
4.3,16.2,211.8,81.9,27132,45.2,11.6,18,2,29.7,5
3.3,8.8,754.2,97.9,4694,32.5,15.3,33.7,1,42.9,13
4.3,9.6,340,92.5,4435,46,12.7,33.2,2,29,5
3.6,10,786.6,62.6,40340,56.6,9.4,31.1,6,51.3,15
2.9,12.3,662.3,44.7,2505,35.4,9.9,26.9,1,28.4,6
4.1,4.5,148.3,41,4137,29.8,10.5,27.1,2,30.7,9
4.7,5.6,462.7,70.9,4008,45.6,8.2,34.4,2,38.2,3
4.6,13.5,442.7,43.2,8616,66.7,7.6,15,2,25.6,4
3.5,18.7,811.7,28.9,13967,59.8,8.9,23.7,3,34.5,4
5.3,10.9,607.1,84.3,5224,38.4,11.5,44.5,2,53.8,11
2.1,0,438.1,85.7,7018,31.7,11.4,21.8,1,26.1,6
4.1,3.5,510.3,104.3,1944,33.7,10.9,37.7,2,59.2,23
3.7,16.5,321.2,60.8,12962,60.9,8.7,16.9,4,29.4,5
3.9,7,434.8,124.6,2585,32.2,8.9,34.8,1,42.5,12
3.6,14.1,400.2,56.2,33130,49.5,10.5,19.1,6,27.6,4
4.4,13.5,92.3,55.3,17929,60.2,8.4,17,2,28.4,4
4.1,7.7,479.4,58.8,2873,30.4,10.6,29.2,2,46.7,8
3.2,16,648.7,58.8,69758,62.5,8.3,21.6,13,45.1,15
2,0,94.5,34.3,5590,74.8,15,16.4,1,19.9,3
5.5,8.9,134.3,91.2,7584,34,13,23.1,3,43,3
2.9,18.5,153.9,34.9,63885,66.9,8.6,8.7,7,20.8,2
3.5,16.4,705.1,27.8,27267,65.9,7.3,26.2,4,43.6,7
0,0,650,76.3,624,31.7,8.5,50.4,1,64.5,4
3.8,9.7,678.8,62.1,86580,51,11.3,20.8,6,48.4,12
2.9,0,594.9,103,1758,32.7,10.4,33.3,1,47.2,8
2.9,16.7,288,37.6,218688,71.2,8.8,11,15,26.3,5
4.1,18.4,520.6,100.8,11324,36.7,14.8,28.2,3,35.6,10
4.2,9.1,318,96.9,12007,35.1,8.8,29.8,2,40.3,13
2.5,10.9,219.7,27.4,29225,68.2,6.8,8.7,4,21.9,2
2.8,11.5,716.5,82.8,4330,43.1,12.4,31.2,3,39.8,8
3,16.4,245.7,49.6,36262,57.1,9.5,13.4,4,25.7,4
3.6,5.6,295.8,35,3423,44.2,9.6,24.9,1,28.5,7
3.7,7,852.8,104.8,5253,33.6,11.7,43.9,1,61.5,12
5,7.4,148.7,38.1,3853,51.6,9.8,17.4,1,34.2,2
3.4,0,104.5,60.9,5794,40.3,9.6,16.2,1,22.7,2
3.2,7,839.6,80.8,7284,39.7,12.1,37,3,47.5,8
3,14.8,647.3,47.2,253116,65.7,9.6,25.4,22,45.5,13
4.1,15.1,462.3,71.2,5108,34.6,10.4,29.3,4,39.5,6
3,7.5,649.5,92.9,3409,27.8,9.6,34.2,1,54,6
3.1,12.7,1075.7,75.4,24210,58.1,10.2,35.9,3,57.8,8
3.7,10.6,366.6,47,38105,58,10.4,14.7,3,35.6,7
4.5,10,870.8,76.1,2689,40.3,10.1,38.3,1,42.8,8
0,0,320,33.6,1603,22,7,36.7,0,40.7,7
2.8,16.7,169,42.2,14701,47,7.9,13.8,3,20.8,3
4.3,8.4,375.7,63.4,5089,32.8,11.7,26.5,2,43.1,3
4.9,9.8,499.5,85.1,5610,34,10.3,37.1,3,39.1,7
6.9,9.3,910.2,94,2764,33.7,8.5,34.3,1,40.4,5
5.2,13.5,79.6,69.5,4875,43.2,10.1,25.9,3,26.2,5
2.4,18.2,213.2,15.7,22516,75.8,8.1,6.5,4,17.8,3
3.9,10.2,301.1,66.6,25106,47.2,10.2,25.3,6,37,6
2.6,18.4,54.1,32.9,50747,75.7,7.9,6.4,3,14.7,2
4.8,9.4,219.9,68.9,5306,38,11.6,26.4,3,31.2,7
2.9,16.5,528.4,47.7,335167,70.2,9.8,19.7,36,41.2,15
4.2,8.1,143.7,95.5,7504,35.4,9.9,25.9,3,33.9,6
0,0,357.7,54.3,734,32.3,11,19,1,23.8,11
2.7,14.3,421.7,72.3,18605,54.5,8.2,26.4,3,39.3,7
5.2,11,183.7,96,15350,38.2,12.6,18.5,2,24.8,5
3.3,7.5,354.4,90.8,6268,36.2,9.5,32.9,1,42,7
3.9,10,460.5,64.4,3569,30.1,10.8,31.6,2,50.4,7
2.9,15,222.9,39.3,245303,64.3,8.7,13.5,15,25,5
3.1,7.1,141.7,71.8,10841,47.3,9.6,19.6,3,28,3
3.1,11.5,187.2,73.4,53697,43.2,9,19.7,8,27.6,4
0,0,773.3,73.4,2340,29.1,18.7,39.8,1,68.9,12
3.9,14.1,162.2,74.3,7458,40.8,11.5,26.5,3,31.5,7
2.5,14.7,268.3,31.3,7160,63.6,7,12,5,26.4,5
3.4,12.7,247.1,51.7,5918,39.2,13,23.2,1,32.7,6
0,0,200.4,57.4,3155,34.2,12.4,24.5,1,27.1,4
2.8,11.7,390.6,41.6,56698,62.1,9.3,11.7,5,26.2,4
2.7,12.3,393.5,46.6,36154,64.1,6.9,16.3,6,33.1,4
2.7,5.3,606,58.6,2939,22.7,14.8,32.5,1,39.5,7
3.7,7.6,222.3,73,17005,44.9,10.5,15.1,5,26.8,7
5.4,0,354,57,3650,31.6,12,23.7,1,32.4,1
3.7,0,363.3,105.5,3451,37.7,13.4,29.5,2,30.8,6
3.1,7.5,754.1,79.2,3896,35.6,14,32.9,3,54.5,11
4.8,3.4,655.2,77.7,2035,45,19,39.3,1,27.3,13
3.8,0,502.6,76.8,2506,28.9,11.8,32.1,1,42.8,8
5.1,15.2,141.6,28.3,7337,52,8.3,16.1,1,28.5,4
4,0,370.6,48.4,4237,36.4,13.1,22.3,2,41.3,4
3.4,12.5,459.1,71.9,2310,45.4,8.6,31.8,1,48.9,6
3.7,9.4,689.7,74,11967,44.4,10.8,31,3,42.5,7
3.6,12.1,201.4,29,9509,56.1,7,12.7,1,25.8,2
2.6,19.8,918.1,76,17045,58.7,7.9,20,3,38.4,8
1.5,5.4,309.6,42.8,1762,39.6,10.6,27.1,1,41.2,5
4.2,10.9,314.4,59.2,3248,50.3,6,33.1,1,44.6,4
2.8,14.1,873,62.9,26363,59.9,8.1,24.1,5,36.5,5
4.3,9.8,133.1,24.9,7255,49.7,11.3,20.3,1,32.6,5
2.8,3.1,491.8,75.9,5278,40.8,11,27.3,1,53.1,9
5.1,6.8,384.1,69.2,2450,42.2,9.7,31.1,2,42.3,10
2.5,13.7,584.3,62.9,3466,35.8,12.1,35.2,3,54.1,5
3.6,10.6,262.4,64.1,7588,35,8.3,21.3,2,35,4
3.4,0,287.2,80.4,1686,25.6,9.6,36.4,2,37,8
4.3,0,429.1,69.3,5503,33.6,13.1,28.9,4,46.8,6
1.9,0,549.7,55.5,1546,41.1,8.2,40.9,1,38.7,2
2.9,8,473.6,84.5,6629,27.9,9.7,34.2,2,52,7
3.5,0,233.6,40,6242,44,8.8,18.5,1,31.1,6
3.9,9.9,403.1,59.9,2557,42.6,8.7,30.4,0,40.5,7
3.2,10.3,329.9,45.3,4537,51.2,9.6,19.8,3,30.4,1
6.2,6,151.3,104,12165,23.5,12.6,19.9,1,22,2
4.2,17.5,748.2,71.8,48118,60.4,8.8,26.2,7,48.7,11
3.2,12.6,461.7,62.1,28469,53.5,11.7,17.8,4,36.2,6
3,13,96.2,18.6,7611,72.5,6.1,8.2,1,19.9,3
4.7,0,233.9,44.3,3546,41,8.1,19.7,1,22.1,5
4.1,12.9,136,38.7,42729,55.1,9.7,9.4,3,25.7,4
3.6,6.1,991.2,63.9,6382,47.7,10,28.1,2,40.9,4
3.3,14.2,80.2,66.9,7809,40.6,10.1,20.4,3,23.4,3
3,14.8,264.8,91.3,4640,43,9.1,27.8,2,20.5,3
0,0,165.1,46,4470,43.1,10.6,14.6,2,24.1,4
4.7,8.2,335.6,97.3,11150,41.6,10.4,23.4,2,37.1,10
4.8,10.3,592.6,65.4,2837,44.2,7.5,25.1,1,41.9,4
4.1,13.7,343.4,64.4,4679,47,10.5,27.2,1,43,5
0,0,554.9,89.3,626,36.9,11.2,36.3,0,41.4,11
3.8,10.8,115.1,60.9,3845,48.7,10.3,25.7,2,21.6,2
2.8,5.7,544.6,54.1,1502,54.9,11.7,39,1,51.4,6
3.6,16.7,908.3,71.6,52223,55.7,9.8,36.8,5,52.8,10
3,14.7,392.9,46,22117,56.2,10.7,19,3,33.4,5
0,0,564,76,1220,47.2,12.4,24.3,1,31.1,0
3.4,8.1,581.5,58.9,3620,40.6,13.7,29.8,1,36.2,10
2.7,6,737,74.6,1863,45.2,10.4,37.7,1,60.4,5
3.3,10.4,497.6,86.9,17218,44.8,13.6,26.7,2,45.7,5
4.7,7.1,247.1,65.4,6000,42.5,10.6,24.3,1,29,4
0,0,857.3,80.5,1090,39.7,10.3,40.2,0,56.9,23
3.2,16.9,1032.4,70.2,8208,48.3,12.6,40.8,3,46.7,7
3.8,0,514.5,67.2,1603,40.7,9.1,32.5,1,21.5,20
0,0,858.8,71.3,496,19.6,13.6,38.8,0,77.2,15
5.4,15.9,370.7,94.6,7345,28.7,8.6,31.8,3,34.6,12
5.1,0,273.8,60.8,2181,28.7,11.5,33.4,2,45.6,8
5.2,8.1,501.7,84.1,4542,24.5,13.6,33.8,2,37.6,15
4.5,0,825.8,89.2,2439,38,10,38.9,1,59.6,7
2.5,10.4,624.8,72.6,10987,46,8.8,27.9,5,42.7,5
4.5,7.4,848.4,80.8,10954,47.5,10.7,28.9,1,42,13
3.3,11.8,569.4,83.1,7046,43.1,9.6,34.7,2,43.7,9
2.4,10,126.8,27.4,2085,40,8.3,23,2,29.6,4
3.6,9.1,494.6,78.3,1973,32.4,11.1,39.2,1,32.6,0
3.3,10,661.7,80.5,16866,49.9,12.7,25.8,4,41.1,5
7.6,7.9,639.4,91.1,2373,26.2,13.3,41.4,2,50.2,11
0,0,390,59.7,2764,39.3,10.5,29.7,2,36.4,7
2.6,7.9,103,49.1,4341,54.8,9.2,22.6,1,13.2,2
4.6,0,512.2,73.9,6971,38.3,12,25.4,1,39.9,6
3.9,9.9,185.2,78,17504,46.5,10.4,21.3,3,32,5
3.1,11.9,256.4,54.4,23455,45.3,10,16.9,3,23,3
4.7,10.4,783.2,90.7,9323,40.6,10.5,31.2,2,35.5,9
1.7,0,872.7,71.2,1197,37.3,17.5,35.7,1,51.3,2
2.6,0,837.9,55.6,5375,38.4,13.1,30.2,2,46.3,6
4.3,7.4,328.7,83.2,8121,42.1,11.4,28.4,2,29.3,11
0,0,323.5,70.6,534,34.3,9.4,29.4,1,68,13
3.9,12,319.9,83.6,2145,28.2,9.3,35.6,1,35.8,2
4.8,4.9,138.3,53.8,6101,48.4,9.5,23.1,2,22.7,4
3.8,7,264.3,110.9,25734,39.7,12.4,19.8,5,29.9,5
3.3,3.6,571.4,79.7,2721,35.2,11.4,35.6,1,42.6,5
5.2,0,496,61.5,2290,33.4,11.5,31.9,1,54.4,3
6.7,2.2,518.7,68.8,2407,38.4,10.6,27,2,47.3,1
2.8,8.8,319.2,51.9,5162,37.4,9.8,31.5,1,46,6
3.8,11,410.2,79.8,4783,35.35,10.7,35.7,5.3,30.6,0
2.8,3.9,464.5,106.5,2235,19.33,16.2,58.1,14.93,48.3,0
2.2,11.3,402.2,90.1,3113,31.22,10.3,35.5,1.38,31,0
0,0,367.9,32.7,706,42.63,10,40.6,47.26,51,0
5.4,13.3,640,41.5,11429,43.7,15.7,34.5,0.04,52,765
4.2,7.3,161.1,59.5,4750,37.81,7.3,24.7,0.53,19.7,704
4.3,15.1,224.1,55.1,20767,50.03,10.3,17.7,18.16,23.5,488
4.5,16.6,186.5,75.8,27991,42.59,11.7,21.9,20.58,29.7,391
3.3,7.2,680.5,98.7,4576,34.83,14.4,41.5,0.61,42.9,0
4.2,9.5,199.3,94.6,4875,48.27,12,33.7,4.68,29,311
3.6,11.1,711.9,62.6,39957,57.95,10.6,38.7,10.02,51.3,617
3.3,10.1,559.8,43,2897,27.65,12.2,27.1,0.73,28.4,339
4.4,4.2,187,46.3,4487,29.28,11.6,32.4,39.96,30.7,292
4.7,6.3,383.6,67.2,3807,47.1,8.8,38.4,33.1,38.2,951
4.5,8.9,311.2,40.9,8189,65.42,8.3,16.7,22.45,25.6,193
3.4,15.2,985.8,32.7,15235,59.35,10.1,31.7,1.9,34.5,658
5,10.6,620.3,77.1,5565,38.47,11,47,38.35,53.8,0
2.1,0,368.5,80.1,6774,33.3,11.8,23.5,24.68,26.1,274
0,0,510.3,89.9,2072,32.05,10.6,41,9.58,59.2,158
3.6,15.6,346.3,58.8,13595,61.43,9.9,21.3,1.44,29.4,551
3.1,5.3,623.8,119.6,2584,33.67,9.8,38.2,0.93,42.5,0
3.6,11.5,399.3,54.2,30370,48.41,11.1,24.3,22.58,27.6,764
4.8,12.4,122.6,55.1,17329,61.26,8,20.6,18.29,28.4,173
5,6.6,396.4,62.1,3483,32.62,11.5,32.1,6.32,46.7,219
3,17,596.1,56.5,70591,62.21,9.1,27.5,11.97,45.1,599
0,0,87.2,28.7,4336,77.1,16,20.6,37.98,19.9,0
6.1,5.6,197.8,83.7,7302,39.26,12,28.8,0.02,43,213
2.8,17.4,132.5,33,63073,68.65,8.9,11.7,9.53,20.8,87
3.5,15.1,678.1,28.4,30838,65.81,7.9,35.6,20.16,43.6,423
0,0,495.2,63.6,606,26.24,8.7,58.3,43.78,64.5,147
3.8,9.4,620.7,60.4,82732,51.92,12.4,34.1,12.66,48.4,631
2.2,0,665.7,94.4,1781,35.88,11.6,34.9,5.3,47.2,216
2.9,16.5,287.8,36.4,213480,71.75,9.7,19.7,6.73,26.3,322
3.6,14.8,449.1,99.3,11521,37.37,17.1,39.3,2.81,35.6,0
4.7,8.8,251.8,95.8,11974,36.14,9.8,35.3,3.02,40.3,0
2.6,10.7,167.2,27,32041,66.95,7,10.6,8.98,21.9,115
2.8,13.7,469.7,80.5,4488,44.52,13,36.6,0.76,39.8,455
3.2,14.9,203.4,47.4,35918,59.21,9.8,16.9,15.38,25.7,210
4.4,6.4,135.9,34,3400,40.97,10.7,29.8,32.24,28.5,265
3.5,4.9,789.6,104.7,5411,37.31,13.4,47.4,1.21,61.5,669
5.6,0,92.9,35.4,3923,50.73,8.8,22.3,27.65,34.2,244
2.7,0,100,55.2,5667,47.43,10.1,21.7,22.65,22.7,92
3.3,10.1,704.3,79.7,7062,41.23,13.8,38.8,2.66,47.5,536
3,14.3,559.6,47.6,227539,67.8,10.4,26.5,5.72,45.5,746
4.2,13.1,457.3,71.6,5639,38.57,11.9,33.3,0,39.5,575
3,6.4,493.6,90.7,3797,29.6,11.4,34.9,12.27,54,622
2.9,11.3,795.8,74.5,23840,57.58,12,49.2,25.96,57.8,888
3.8,10.7,391.6,44.8,39649,59.65,11.1,19.1,13.73,35.6,280
4.1,7.9,409.8,75.9,2497,40.57,9.7,40.3,2.97,42.8,579
0,0,123.1,39.3,1309,28.19,7.1,40.6,59.03,40.7,239
2.8,17,149.8,40.4,14410,49.2,8.7,15.1,23.06,20.8,0
4.7,8.6,361.1,64.1,4880,33.2,13.6,37.8,1.49,43.1,438
4.2,8.7,582.7,81.9,5631,37.86,11.6,43.1,10.9,39.1,122
6.6,9.4,747,92.6,2858,32.26,9.3,37.4,0,40.4,0
5.5,12.2,79.6,62.5,4918,40.61,10.7,28.2,1.03,26.2,218
2.2,17.9,158.7,14.7,23681,77.02,8.7,10,5.85,17.8,80
3.8,9.3,294.9,64,24945,48.09,10.7,26.3,16.94,37,395
2.3,18.4,58.3,28,51438,74.13,8.2,8.9,9.88,14.7,74
4,7.1,256.6,69.3,5247,39.05,11.7,29,0,31.2,192
2.9,17,579,46.6,289350,73.66,10.6,23.9,7.47,41.2,953
4.6,8.9,133.2,88.7,6910,39.44,10.6,28.8,0.34,33.9,0
0,0,143.1,47.2,824,35.19,12.2,23.5,20.98,23.8,66
2.4,15.8,445.4,70.7,19634,56.09,9.4,30.2,17,39.3,921
4.3,12.2,161,91.2,15357,37.18,12.4,26.3,0.17,24.8,228
3.9,8.6,159.3,87.2,6337,35.73,9.2,38.3,1.03,42,209
4,11.2,364.6,58.5,3443,25.79,11.5,41.7,0.77,50.4,342
2.8,14.5,213.6,38.7,250276,63.95,9.2,19.2,5.22,25,311
2.7,6.7,109.2,71.6,11086,45.16,10,25.6,0.11,28,205
3.5,15.1,189.4,70.7,50535,43.95,9.1,25.2,19.23,27.6,212
0,0,466.1,65.4,2476,27.38,22.4,42,2.49,68.9,0
4,14.6,241.6,68.7,7322,38.81,11.7,28.7,26.2,31.5,401
2.4,13.7,207.2,30.5,7478,64.94,7.4,13.2,20.58,26.4,73
3.3,12.1,259.5,51.9,6038,40.68,11.9,30.1,0,32.7,336
0,0,270.1,56.6,2999,38.41,12.5,31.2,37.39,27.1,247
2.9,11.8,424.5,39.9,59104,62.56,10.4,13.9,9.04,26.2,268
2.7,12.7,298.9,45.4,37858,65.17,7.6,21.2,13.11,33.1,377
3,3.9,488.7,57.9,2427,30.16,13.8,35.1,2.91,39.5,298
4.2,7.4,222.3,66.9,16597,47.8,10.8,21.3,0,26.8,227
4.2,0,130,54.8,3550,39.3,11.7,30.3,25.47,32.4,191
3.6,0,563.5,105.9,3604,39.68,14.4,34.7,4.2,30.8,354
3.1,8.5,669,76.7,4111,35.51,14.4,44,0.2,54.5,0
4.6,2.2,456.3,76.6,1940,42.06,19.5,45.7,4.94,27.3,1169
4.2,0,324.6,72.8,2625,32.57,12.4,36,10.09,42.8,503
4.5,12.8,98,26.9,7673,52.94,9.5,18.1,22.85,28.5,136
4,0,511.8,47.5,4423,37.1,12.6,26.8,19.05,41.3,683
3.2,0,398.7,69.9,2538,49.88,9.3,33.7,27.99,48.9,0
4.1,9.4,670.9,68.3,12318,41.76,12.3,28.9,2.53,42.5,521
3.4,11.2,118.5,30.1,7958,58.37,8.3,14.8,18.67,25.8,93
3.2,21.1,779.6,73.4,18748,59.48,9.2,30.9,23.78,38.4,462
1.9,3.1,235.3,41.6,1680,38.87,11,32,1.8,41.2,0
3.4,6.6,314.4,51.7,3435,49.23,7.2,29.6,46.83,44.6,0
3,14.6,825.2,63.9,27766,58.68,8.8,30.4,16.65,36.5,368
3.4,0,118.3,25.5,7198,46.86,10.9,24.5,0.07,32.6,190
3.6,2.3,602.1,72.9,5386,39.58,10.3,31.5,26.81,53.1,330
4.4,6.1,480.1,66.1,2878,40.44,11.4,32.8,42.45,42.3,0
2.4,13.4,451.2,60,3974,30.7,13.7,40.1,0.57,54.1,322
4.2,12.1,205.7,59.2,7275,33.02,8.4,25.3,30.73,35,339
3.7,0,473.9,74.6,1760,28.47,9.9,36.7,48.04,37,326
4.1,0,341.5,63.1,5332,26.74,13.1,31.2,29.32,46.8,288
2.5,0,436.5,52.9,1545,45.7,8.3,37.1,2.07,38.7,0
2.8,7.9,382.2,84.1,6478,28.2,10.7,40.7,4.12,52,0
3,0,257.4,37.3,6358,46.18,9.3,21.6,22.5,31.1,192
4.1,8.6,425.5,51.1,2326,38.99,10.7,32.8,18.85,40.5,0
2.9,9.6,243.4,42.4,4533,51.8,9.9,24.3,1.21,30.4,205
6.1,10.6,143.9,97.9,11673,25.85,12,27.3,29.26,22,150
4.2,18.8,658.3,71.6,49920,60.12,9.4,29.6,12.39,48.7,667
2.9,12.3,481,57.8,28782,55.84,12.2,20.8,20.39,36.2,402
2.7,13.9,108.6,17,7765,71.04,6.6,10.9,15.21,19.9,0
4.7,0,212.7,40,3406,48.06,8.5,24.2,34.73,22.1,351
4.2,10.9,142.7,35.4,44141,57.34,10.6,12.2,14.25,25.7,284
3.7,6.2,871.5,61.1,6275,42.42,12,35.6,0,40.9,698
3.6,10,112.3,60.9,7535,40.44,9.8,22.4,21.4,23.4,233
3.6,0,297.9,86.7,4694,45.42,9.7,29.3,4.57,20.5,202
3.6,0,222,44,4581,48.85,10.4,18.3,25.64,24.1,64
4.6,7.2,264.2,95.3,10588,38.75,10.6,31.3,0,37.1,352
4.3,9.4,521.1,60.1,3415,41.52,8.8,28.4,0.11,41.9,84
3.5,7.7,220.8,60.5,4716,49.92,11.5,33,0,43,462
0,0,222,85.8,486,29.42,13.4,44.4,1.9,41.4,0
3.6,8.9,60.6,57.6,3681,43.36,12.2,30.9,0.09,21.6,120
2.4,2,502.7,52.9,1536,38.93,13,39.4,5.5,51.4,0
3.7,17.5,859.7,69.9,53064,57.62,10.3,39.1,15.74,52.8,551
3.2,14.6,383.3,44.2,22493,57.2,11.6,24.6,11.65,33.4,466
0,0,282,66.9,1321,50.34,14.4,24.8,1.04,31.1,220
2.5,7.6,515.4,61.1,3506,36.85,14.1,33.5,8.95,36.2,0
2.6,5.2,605,74.5,1773,53.58,10.7,40.7,2.77,60.4,272
3.2,11.6,497.6,81.4,17111,44.8,13.3,35.1,20.82,45.7,478
5.4,7.3,227.5,60.7,6214,39.68,10.5,34.2,0,29,295
0,0,835.8,89.9,1328,38.1,10.6,46.1,9.27,56.9,663
3.6,15.1,973.8,69.9,8066,49.39,13.4,43,0.64,46.7,0
0,0,436.5,63.3,1586,39.97,8.7,35.8,23.51,21.5,316
0,0,805.2,73.5,504,18.25,13.3,48.9,29.76,77.2,375
5.8,15.2,455.9,93.2,7248,31.17,9.8,35.6,0.69,34.6,161
4.4,0,308,64.4,2337,31.19,13.3,34,2.5,45.6,187
4.8,8,456.8,91.2,4757,23.5,17.3,41.2,4.32,37.6,544
4.6,0,718.9,84.7,2172,36.23,11.1,42.2,26.83,59.6,0
3.1,9.7,419.4,68,10859,46.5,9.4,35.5,3.06,42.7,288
4.1,4.4,662.2,78.1,10223,48.03,12,33.1,0.11,42,702
3.3,10.8,608.5,82.5,6620,41.87,10.6,40,3.83,43.7,0
1.7,9.5,135.8,26.4,1998,46,9.6,28.6,0.02,29.6,167
3.5,9.6,706.6,70.7,2000,29.95,12.7,42.4,1.09,32.6,226
3.6,9.5,501.3,77.6,16827,49.28,11.4,29.9,0,41.1,0
6.3,10.8,476.8,86.6,2300,35.39,13.4,41,0.14,50.2,134
0,0.6,321.7,53,2131,31.02,11.5,32.1,37.4,36.4,238
2.9,7.2,103,44.1,4113,56.72,9.3,32.6,1.29,13.2,0
4.8,0,399.6,69.2,6701,42.61,12.4,31.8,0.07,39.9,338
4,8,142,74.4,17854,46.01,9.7,25.9,22.94,32,520
3.2,11.5,247,51.3,22653,50.1,10.3,20.8,19.94,23,240
4.6,10.5,833.4,91.5,9318,42.77,11.3,34.1,2.81,35.5,494
1.3,0,650.2,73.5,1270,27.48,17.4,39.4,0.42,51.3,0
2.8,0,514.1,53.7,5531,36.03,15.4,35.4,5.99,46.3,423
4.6,6.4,362.6,87.3,8159,44.78,12.4,35.4,4.96,29.3,0
0,0,415.9,71.3,674,34.27,10.3,30.5,4.47,68,0
3.5,8.7,232.7,87.2,2370,27.17,10.9,35.3,25.33,35.8,0
5.4,5.9,118.6,53,6218,48.33,10.1,25.2,0,22.7,276
3.6,8.4,269.6,100.7,27888,38.34,12,27.4,18.09,29.9,400
2.9,2.8,411.4,73.2,2685,39.81,12.5,38.2,1.09,42.6,170
5.4,0,398.8,55.8,2554,31.64,11.7,38.7,7.06,54.4,497
6.1,2.9,448.8,63.4,2268,36.99,12,33,7.47,47.3,125
2.6,7,173.7,51.8,5190,38.05,11.4,30.4,31.08,46,117
4.8,3.7,323.5,88.35,4674,38.49,11,34,5.84,35.73,0
2.5,10,334.3,93.69,2307,19.85,14,44.3,10.92,44.92,0
3.2,0,315.4,96.09,3109,33.42,9.9,35.3,2.73,32.98,333.21
0,14.3,492.6,34.59,624,46.15,8.9,41.9,43.51,63.83,26.8
5.5,7.1,693.4,34.7,11004,48.56,13.7,35.9,8.58,52.14,853.74
0,16.9,114.2,49.64,4808,39.14,7.3,28,3.64,22.73,579.65
4.5,14.1,302.7,48.69,21079,51.05,9.3,22.6,5.73,28.59,460.13
4.5,7.3,186.7,61.22,27996,44.44,10.2,28.7,11.59,32.52,364.83
3.4,14.2,805.3,104.94,4141,40.62,13.8,43.2,12.21,40.15,0
4.3,11.1,259.3,81.43,4878,44.73,12,34.7,6.2,33.02,303.16
3.5,9,684,64.78,39562,56.05,10.5,35,7.75,50.16,626.87
3.5,4.6,719.6,31.11,2688,37.35,13.7,28.6,2.78,33.5,291.08
4.5,6.8,162.9,53.67,4472,31.95,11.5,30.9,5.52,32.32,291.15
4.3,15.4,418.6,71.33,3694,44.67,9.4,41.2,3.94,36.05,950.38
4.8,13.7,284.5,41.36,8433,68.53,8.3,19.1,1.92,28.99,174.91
3.4,10,897.2,28.25,15610,60.94,10.2,30.8,10.19,38.94,526.89
0,0,806.3,73.32,5408,40.14,11.4,43.4,5.46,51.31,760.82
2.5,0,270.6,72.45,6577,33.37,11.8,29.4,1.22,34.17,258.4
0,17.1,478,76.24,1808,31.58,10.8,41.6,9.33,57.18,137.04
3.5,6.4,271.2,54.44,13827,64.4,9.7,20.4,11.22,29.83,491.85
3,13.3,572.8,96.44,2580,39.11,10.4,40.3,3.76,34.53,121.39
4.1,14.7,374.6,49.15,30131,48.94,10.7,25.4,10.69,32.22,746.93
5.1,9.5,122,53.36,17278,62.61,7.8,21.1,11.08,29.15,170.95
0,17.8,435.5,66.69,4105,35.35,11.5,34.9,11.05,42.99,205.13
3,0,837.7,51.24,71780,63.73,9.2,34.6,5.87,46.29,513.41
0,8.8,461.5,37.94,4006,73.24,17.8,19.4,21.71,18.13,0
0,17.2,199.9,77.26,7328,38.46,11.2,28.2,3.85,37.15,203.36
2.9,13.3,123.2,31.55,63329,68.89,8.1,12.7,5.97,21.04,88.28
3.7,0,703.4,25.64,30774,66.38,7.5,37.7,21.4,47.1,404.24
0,9.8,534.1,64.77,649,28.51,8.7,54,1.06,66.74,104.62
3.6,0,734.7,60.18,81572,51.26,12.2,35.4,14.26,49.51,596
3,16.3,544.3,91.92,1748,35.81,11.5,38.8,2.99,42.17,336.37
2.9,11.6,321.3,32.91,212324,72.41,8.9,17.6,8.64,28.18,303.91
3.5,10,399,87.69,11612,35.96,14.4,40.1,8.04,37.26,524.54
5,12.4,257.2,90.54,11884,38.01,9.7,38.3,8.18,39.89,0
2.7,13.5,212,26.14,32792,68.53,7.1,11.1,2.22,24.37,131.31
3,15.4,354.4,77.55,4661,41.34,12.7,41,5.44,40.43,374.68
3.7,4.5,158.7,43.12,36236,60.03,8.9,20.4,6.84,25.14,210.87
4.8,5.9,269.2,33.17,3250,46.58,9.9,29.9,0.04,45.26,306.49
3.8,0,861.8,96.62,5588,41.91,13.3,45.9,19.01,56.87,635.01
5.1,0,60.1,34.19,3870,48.5,8.1,24.2,1.39,31.81,283.96
3.1,11.5,98.5,48.04,5487,45.65,8.9,21,0,28.69,89.4
3.7,14.3,955.4,86.29,7039,41.47,13,46.4,6.79,49.37,477.39
3,12.9,617.3,47.48,226822,68.86,10.1,28.8,8.5,45.61,695.01
4.6,4.5,431.3,63.45,5641,39.71,11.7,39,1.15,44.1,517.99
3.4,11.6,851.3,65.75,3895,30.99,14.2,40.2,15.41,50.52,697.33
3,9.3,1064.9,74.64,23713,57.31,11.4,40.2,20.56,61.59,929.56
3.6,6,379.1,42.26,39647,61.22,10.2,21.8,10.06,34.94,284.75
3.7,0,981.1,75.13,2483,43.13,9.3,39.5,5.54,46.29,521.59
0,17.9,99.2,38.95,1452,22.38,7.3,40,2.7,29.18,220.88
3.4,9.9,289,35.31,14338,53.24,8.3,18.2,4.01,22.64,102.87
3.8,7.9,486,63.27,4709,35.78,14.6,34,8.12,45.15,401.67
3.9,0,650.5,76.65,5623,40.65,11.6,41.5,15.52,41.28,96.61
0,12.8,781.8,94.92,2914,34.32,8.9,41.3,1.91,46.48,259.53
5.3,15,122.5,58.36,4836,39.5,10.3,37.8,0.04,35.38,366.81
2.6,9,166.1,14.31,22999,77.11,8.1,11.5,6.8,20.8,78.62
4.5,17.5,340.5,55.2,24713,49.43,10.9,29.8,9.92,31.4,405.23
2.4,4.5,51.3,23.55,52170,73.51,7.3,9.8,3.64,13.39,88.62
4.3,17.2,199.2,67.23,5176,40.63,11.1,33.9,1.41,31.94,152.53
2.8,9,669.1,45.89,294063,74.74,10.5,27,6.44,41.36,878.6
3.8,0,152,74.28,6824,39.79,10.9,43,2.25,34.62,154.44
0,15.3,292,39.07,806,44.42,11.9,23.5,29.2,30.18,30.85
2.4,12.3,473.5,69.09,19579,55.96,10.5,31.1,8.81,41.37,800.71
4.4,8.5,163.1,69.09,15279,39.45,11.5,28.3,5.75,26.65,290.57
3.6,10.2,279.9,84.58,6236,38.65,8.2,37.6,5.37,41.89,183.47
3.3,15.7,462.7,57.41,3572,26.6,10.2,43.1,1.7,49.15,337.27
2.7,7.8,330.4,35.55,250669,64.06,8.5,21.5,7.68,27.07,290.25
3.2,16,178.9,65.18,11061,45.2,9.6,27.6,10.85,23.74,214.3
3.4,0,178.1,63.28,50646,44.62,8.1,25.5,9.9,27.77,195.77
0,18.2,668.2,51.3,2422,32.16,20.1,42.9,17.96,65.28,132.33
4,17.2,198.1,60.91,7304,40.12,10.4,28.8,1.8,35.79,466.89
2.7,13.3,199.9,29.04,7382,70.13,7,15.7,0.19,19.66,80.43
2.9,1.3,182.4,49.89,5911,45.61,11.6,29.5,1.92,30.81,355.89
0,12.8,202.8,52.27,2946,37.75,10.9,39.3,1.49,32.61,216.31
2.8,13.2,343.8,34.9,59514,63.43,9.7,20.5,7.55,29.53,241.6
2.6,0,463.9,45.73,38433,64.4,7.8,21.4,9.41,33.68,356.18
4.1,9.8,639.5,59.35,2355,42.85,13.2,34.5,2.66,32.89,301.02
4.3,0,248,54.39,16534,51.23,9.7,21.3,0.46,26.16,177.96
2.9,0,251.8,52.23,3592,48.89,10.6,30.9,2.95,31.31,204.06
3.9,8,311.9,93.71,3693,37.86,14.3,35.9,5.9,30.06,331.9
3.3,1.3,868.3,70.49,4078,35.61,13.4,42.3,0.98,50.79,356.16
0,0,371.7,72.9,2183,36.33,18.3,53.7,6.99,55.09,0
4.7,12.9,370.7,70.45,2794,38.4,12.7,37.3,7.6,40.5,506.05
3.8,0,108.1,26.86,7576,54.87,8.9,21.8,3.31,29.7,146.22
3.5,0,584.2,38.19,4355,44.75,11.8,28.7,2.05,32.54,655.03
4.5,10.1,377.1,57.37,2579,54.71,8.5,36.3,2.44,50.4,184.65
3.6,13.3,514.1,62.81,12300,41.31,12.8,35.8,4.84,43.5,483.28
3.3,20.5,243.8,37.11,8076,55.03,8,18,3.79,21.65,104.63
3.4,5.1,521.6,67.87,18828,61.5,9.7,22.1,17.8,37.01,434.21
1.7,0,225.1,42.22,1671,36.45,10.8,33.1,3.52,49,224.24
3.9,14.1,214.3,42.69,3864,46.77,7.2,34.1,4.99,44.13,299.06
2.9,0,859.6,51.3,28099,60.24,9.3,33.4,8.93,40.12,332.15
3,5.3,123.5,24.88,7072,51.27,10.6,26.6,0.57,30.22,233.4
3.5,8.9,594.3,71.98,5296,39.5,11.1,36.3,4.42,51.58,365.75
4.2,10.4,369.8,58.23,2694,42.02,10.7,35.5,3.64,51.34,504.94
2.2,14,474.9,56.19,3669,37.18,14.7,36.6,8.96,46.81,337.15
4.3,0,330.7,51.77,7095,33.19,7.9,28.9,1.36,33.84,441.72
4.7,0,308.9,70.22,1996,31.46,8.7,37.3,41.7,46.52,502.08
3.4,5.8,522.9,61.46,5203,27.89,12.8,35.5,0.79,51.78,272.98
2.2,7.3,669.4,53,1415,51.52,6.9,37.4,1.96,44.55,188.02
2.5,0,502.2,89.21,6405,30.9,9.8,39.4,9.58,49.02,654.44
2.6,7.1,363.3,34.44,6503,45.36,8.8,22.2,4.15,33.21,183.36
4.1,10.9,438.5,48.21,2325,36.47,11,35.3,5.89,39.2,0
2.2,12.4,330.2,41.72,4420,52.42,9,25.4,7.64,25.73,153.93
6.2,18.2,206.9,80.42,11529,29.19,13,29.3,6.14,27.18,141.15
4,12.2,824.7,69.94,49905,60.96,9.4,30.1,12.75,50.11,611.39
2.7,13.9,552.2,51.07,28860,55.51,11.5,26.3,9.27,36.46,382.74
2.6,0,161.5,14.61,7823,74.82,6.1,11.6,5.37,20.84,283.49
4.3,11.7,221.5,38.31,3546,53.44,7.7,24.6,1.53,19.74,342.87
4.2,7.4,224.1,28.31,44518,58.31,9.4,16.4,5.88,27.54,228.85
3.7,12.8,714.9,44.25,6329,46.58,11.7,33,8.86,41.76,662.6
3.7,0,115.5,55.36,7380,41.49,9.7,26.5,2.41,19.74,190.38
3.5,5.9,250.6,80.74,4727,44.32,9.8,32.4,4.01,33.06,121.31
3.8,7.1,151.1,39.93,4639,53.16,9.8,19.6,0,30.35,74.86
4.4,8.4,279.7,83.9,10437,38,10.1,32.7,5.45,34.69,359.43
3.5,9.8,358,57.44,3255,41.35,10,31,5.17,46.41,124.59
3.1,0,278.1,63.24,4640,49.87,11.5,33.4,1.37,47.62,432.12
0,6,477.5,84.15,472,26.48,12.3,44,23.34,44.69,560.49
3.3,2.5,153.6,52.15,3655,42.76,12.5,33,0.15,20.78,95.19
3,18.4,557.1,56.49,1671,43.15,12.8,43.4,3.32,38.43,135.44
3.4,14.7,1219.7,64.04,53003,56.52,10.6,35.8,12.5,56.89,560.77
2.7,0,404.9,42.46,22416,57.52,10.8,24.5,13.33,37.83,471.11
0,7.9,239.5,50.08,1262,48.89,11.4,26.4,0.53,26.99,178.44
2.8,3.9,438.6,61.68,3269,37.11,12.7,39,9.23,44.11,293.69
2.9,9.8,607.2,77.68,1743,59.38,10.3,44.6,2.96,47.1,246.69
3.3,6.5,437,76.79,16939,43.45,12.5,34.6,7.04,46.19,451.38
5.4,0,290.4,55,5948,40.11,10.1,33.5,5.38,27.97,247.8
0,11.7,957.4,88.24,1458,37.24,11.2,44.9,6.73,54.33,500.13
3,0,1301.1,66.02,7994,48.79,13.3,41.3,9.43,52.14,809.23
0,0,786.6,61.27,1598,42.74,9.3,36.8,2.55,38.23,218.24
0,15.3,757.1,70.97,428,26.4,12.6,50.3,43.93,47.52,442.48
6.5,0,364.4,91.24,7689,31.24,9.9,43.5,1.49,40.63,184.38
3.2,6.6,449.1,66.23,2180,41.38,13.2,36.2,4.96,41.45,182.43
4.6,0,454.5,75.3,4867,24.24,16.6,44.3,3.56,45.32,355.19
4.3,11.7,719.3,92.43,2122,34.12,11.1,47.8,0.45,60.87,472.73
3.4,6.7,471.8,68.24,10792,49.78,8.3,33.8,13.98,45.81,277.95
3.8,14,668,72.95,10075,50.49,11.5,38.3,5.73,43.14,746.08
3.6,6.5,701.6,83.85,6928,41.8,11.4,39.4,8.69,37.17,597.69
1.6,9.3,95.5,27.14,1846,38.08,8.9,32.7,0,30.42,140.61
2.6,12.6,522.9,62.59,2093,29.1,13.3,40.7,8.04,41.46,254.03
3.6,12.6,542.9,71.45,16869,50.63,10.9,32.1,6.38,41.23,366.24
0,0.8,671.9,94.94,2278,39.51,11.6,43.9,4.57,56.49,172.1
3.3,6.1,487.6,49.84,1954,28.97,12.5,33.9,0.79,37.89,172.77
2.4,0,70.2,49.79,4133,60.13,8.4,31.1,0.01,15.31,51.51
4.3,9.6,438.3,67.89,6482,46.02,11.5,31.6,8.18,40.53,292.79
4.5,10.6,104.7,64.99,17822,45.98,8.7,27,10.46,32.21,500.09
2.8,9.3,247.1,47.78,22645,52.83,9.9,23.1,6.89,24.14,233.81
4,0,746.3,88.59,9231,40.88,11.7,36.1,14.12,38.48,423.98
1.9,0,891.3,63.5,1279,30.18,16.8,39.6,0.79,45.6,0
3.1,5.9,651.3,58.05,5406,37.31,13.5,33.6,15.71,49.24,382.76
4.5,0,382.1,87.22,8267,46.56,12.5,33.9,12.69,36.33,0
0,0,535.9,42.02,699,46.49,9.2,34.3,1.17,43.99,0
2.6,5.2,296.5,97.46,2426,24.53,10.3,40.5,0.05,35.45,65.92
4.6,11.2,99.5,40.57,6162,53.6,9.8,27.5,0,33.59,246.93
3.6,4.3,289.5,79.81,28061,39.76,12.1,25.1,12.27,31.64,342.1
3,0,475.4,68.11,2722,39.53,13.1,40.1,0.36,47.5,140.42
2.7,2.8,557,55.38,2497,33.2,12,35.8,16.65,50.35,539.6
0,6.5,512.4,61.92,2177,38.31,10.5,30.5,10.58,45.4,141.86
2.9,0,788.8,50.01,5130,38.28,9.9,37,6.37,47.63,117.29
4.5,0,390.9,91.41,4879,37.26,10.32,34.8,6.94,35.1,211.08
0,0,404.1,91.65,2273,27.01,13.37,38.4,5.77,35.37,424.28
0,0,455.2,91.59,3043,33.55,9.83,33.8,7.46,25.7,0
0,0,680.7,41.35,653,44.56,8.7,41.5,1.88,70.78,0
4.7,14.8,709.2,32.3,10697,48.55,12,36.7,5.38,55.34,633.4
0,0,87.7,49,4767,40.91,6.64,26.9,8.42,25.03,353.78
4.3,15.4,283.2,46.42,21140,53.08,8.38,20.4,7.91,28.54,460.83
4.6,13.4,250.9,58.74,28177,44.76,9.2,23.9,6.98,31.24,322.27
3.7,0,690.3,104.66,4307,45.48,12.93,44.9,5.16,47.85,0
3.8,13,304.6,79.31,4942,54.47,10.16,35.9,6.88,32.05,282.36
3.6,10.2,1052.8,62.82,39598,56.74,9.8,41.4,5.78,52.11,566.33
3.8,0,684.7,29.7,2599,44.71,13.54,31,6.82,40.43,299.68
4.2,0,245,54.16,4592,38.63,11.11,33,7.57,32.44,279.45
4.8,0,560.1,71.16,3636,41.67,8.56,39.6,7.11,41.87,856.4
4.4,14.3,372.9,40.58,8468,69.89,7.63,16,8.38,30.48,155.02
3.6,15.3,1221.2,26.29,16105,63.59,10.41,31.2,5.71,37.94,370.54
0,0,804.1,72.2,5418,38.1,11.58,45.9,5.94,50.48,857.64
0,0,425.5,71.17,6567,35.78,10.64,30.3,7.69,33.72,266.13
0,0,697.3,66.25,1891,34.58,10.71,40,5.18,61.43,192.76
3,15.6,392.8,52.66,13943,62.43,9.01,21.4,6.8,32.36,411.42
0,0,523.2,84.1,2516,36.92,10.29,41.2,7.23,35.19,181.85
4.1,15.6,409.3,47.9,29908,51.47,9.67,26.4,6.66,33.31,572.92
5.4,13.4,144.1,51.83,17203,64.17,6.59,22,7.71,27.83,176.21
5.1,0,320.4,66.81,4084,34.6,11.41,35.3,6.78,39.8,163.99
2.8,16.1,850,48.82,73574,64.57,8.56,31.4,6.64,45.9,442.66
0,0,502.2,38.09,3855,74.22,18.33,21.6,4.12,19.62,157.69
6.8,0,178.7,80.19,7072,38.48,10.77,31.4,7.46,41.06,180.89
2.7,15.5,176.8,29.71,62953,70.6,7.21,13.2,8.5,21.86,94.58
4.3,12.1,768.7,24.84,31663,66.41,7.03,31.6,4.59,42.88,369.83
0,0,385.7,65.51,644,33.85,9.39,52.9,5.78,75,176.88
3.7,9.7,873.3,58.35,80406,52.22,11.08,41,4.91,50.34,546.44
0,0,959.1,86.79,1581,40.73,10.86,39.3,6.63,44.46,380.1
2.8,15.8,443.1,31.08,211517,73.56,8.13,19.8,7.33,28.98,271.9
3.7,11.7,571.6,85.01,11737,35.61,13.1,37.1,6.09,36.25,357
5,12.5,308.9,86.95,12163,38.27,9.22,38.2,6.64,41.41,0
2.8,15.5,159.2,25.91,33666,69.66,6.81,12.2,8.79,22.75,116.98
2.7,13.7,619,76.13,4503,43.39,11.15,36.2,6.6,38.05,299.64
3.4,15.3,216,41.46,36241,60.7,8.32,19,7.77,26.88,203.92
5.7,0,254.6,31.34,3047,44.34,9.4,30.5,7.76,48.17,263.93
4.6,0,712.8,93.11,5628,45.86,12.32,51.9,4.26,60.54,576
5.5,0,96.6,35.47,3884,49.02,7.53,21.6,8.61,32.99,318.13
2.7,30,164.7,44.3,5460,51.94,7.71,20.2,8.82,35.92,82.83
3.5,12.8,971.3,83.5,6949,43.26,11.28,52.4,5.74,53.27,439.8
3,15.4,722,46.39,226445,68.71,9.27,33.2,6,45.57,623.17
4.7,0,497.9,64,5473,44.58,11.51,36.1,7.12,45.33,477.48
0,0,644.4,64.47,3785,31.07,13.1,40.3,4.57,44.88,431.92
3.3,12.4,1271.3,74.13,23480,55.94,10.58,46.6,3.56,62.69,810.32
3.5,8.3,571.4,39.92,39338,61.64,9.21,23.5,6.68,35.51,291.54
0,0,1169,72.19,2439,40.75,8.39,51,6.03,52.09,521.4
0,0,145.3,40.82,1115,39.37,7.13,43.9,7.5,30.45,147.57
3.2,15,321,33.22,14529,55.74,7.68,17.5,8.22,23.76,113.91
4.1,0,507.9,62.73,4729,35.02,11.77,31.5,6.08,45.13,373.77
2.6,0,620.4,74.39,5617,39.42,11.28,42.1,5.36,42.31,96.61
0,0,677.8,92.01,3012,36.42,8.84,43.3,7.36,48.66,280.52
5.3,0,88.6,57.45,4722,40.66,9.59,34.6,8.42,36.16,424.75
2.9,13.3,224.5,13.2,22615,76.5,7.94,10.5,8.27,22.08,74.16
5.4,10.9,295.9,52.15,24626,50.66,9.97,31.7,6.75,33.51,470.61
2.5,18.6,98.4,20.96,52123,75.73,6.78,7.6,9.12,13.1,129.87
0,0,311,66.83,5176,41.11,10.62,30.6,7.74,32.65,123.37
2.7,17.9,785.2,44.17,299100,75.36,9.63,25.9,6.38,41.3,840.82
3.8,0,151.8,68.5,6502,40.79,10.23,32.7,7.91,33.85,126.81
0,0,0,40.11,843,52.55,11.42,25.7,4.66,24.81,22.42
2.5,15.4,492.6,68.45,19568,58.34,9.69,31.4,6.71,42.31,698
4.4,0,149.2,66.29,15018,41.33,10.04,26,7.43,26.32,331.31
2.8,0,419.7,82.01,6142,38,7.64,37.8,6.79,42.06,194.65
3.5,0,449.1,53.83,3530,29.04,9.63,40.7,7.09,43.23,306.88
2.7,14.7,355.1,33.01,250679,63.49,7.84,20.7,7.56,27.97,256.77
3.2,0,191.8,59.74,10809,48.24,8.88,25.2,7.24,26.16,200.47
3.4,15.7,239.8,60.2,50297,45.88,7.5,29.1,7.61,27.55,172.66
0,0,723.4,45.63,2403,32.92,17,48.6,3.33,61.63,136.97
4.2,17.7,174.6,60.79,7177,39.35,9.53,31.9,7.89,38.99,522.03
2.7,18.4,223.2,29,7493,67.94,6.84,15.9,9.12,19.53,76.21
0,0,241.1,46.77,5747,49.09,10.95,32.7,7.5,28.97,328.18
0,0,136.2,55.67,2972,40.04,10.21,32.4,7.55,27.15,252.17
2.9,13.1,437.9,32.22,59021,65.12,8.96,20.8,7.34,32.65,204.55
2.4,13.8,551,45.11,39094,67.09,7.61,25.3,7.17,36.39,348.05
0,0,537.2,56.2,2546,42.26,11.91,36.2,7.07,36.08,279.07
4.3,10.3,217.1,49.18,16542,54.69,8.71,20.9,8.43,26.46,146.76
0,0,324.1,54.07,3540,47.32,9.62,32.3,7.48,38.13,205.6
4.2,0,494.7,89.8,3583,41.78,13.88,36.5,6.61,36.29,328.41
3.6,0,701.6,72.42,4040,35.89,13.85,42.2,6.07,51.44,223.14
0,0,699.6,71.56,1978,40.95,17.16,48.2,5.28,56.95,0
4.8,0,421.1,63.76,2668,38.12,12.97,37.5,6.06,36.47,422.19
4.4,0,157.8,26.72,7514,56.71,8.57,20.2,7.88,32.29,109.82
0,0,593.6,36.58,4287,43.74,10.59,28.8,6.97,30.98,462.87
4.5,0,403.7,53.23,2790,59.75,7.66,37.2,7.45,47.02,211.76
3.6,9.2,713.3,62.39,12136,43,11.73,41,6.44,42.84,405.57
3.3,15.3,255.5,36.09,8068,56.85,7.44,16.8,8.19,24.24,168.53
3.1,18.3,557.7,66.14,18911,62.43,9.7,27.9,5.22,36.75,402.33
1.5,0,279.8,38.85,1499,37.56,10.29,31.3,7.02,50.64,0
0,0,336.9,41.04,4178,47.99,7.11,31.9,7.28,40.9,0
3.2,14.1,1242.3,48.74,28549,60.17,8.72,32.3,6.22,41.25,307.92
2.5,0,149.8,25.66,6987,53.67,9.3,26.1,8.24,28.22,285.2
3.6,0,669,70.15,5183,42.85,10.17,37.5,6.63,50.62,259.38
3,0,444.6,56.12,2420,52.23,10.64,36,7.28,58.91,383.59
0,0,381.8,56.22,3771,34.31,14.74,44.9,4.98,44.68,347.07
4.6,15.2,240,49.86,7139,37.11,6.78,26.6,8.34,32.48,575.14
4.7,0,285.8,66.42,1913,36.38,8.05,37.3,3.33,51.13,0
3.2,0,444.1,57.9,4976,37.34,11.28,36.3,6.86,46.09,243.61
2.4,0,732.8,56.43,1309,50.42,6.35,37.4,7.82,44.47,162.19
0,0,660.6,84.13,6351,31.21,9.01,39.5,5.89,47.62,523
2,0,319.2,33.53,6249,50.15,8.17,20.7,7.85,32.54,156.2
3.5,0,540.5,45.95,2302,37.79,10.12,45.7,6.81,40.23,0
0,0,356.3,37.79,4264,50.63,8,23.5,7.27,26.32,148.87
5.2,13.7,250.3,75.7,11206,32.36,12.25,29.1,7.26,27.56,141.29
3.8,18.2,873.2,67.88,51124,62.79,9.13,28.1,5.68,48.37,544.77
2.6,11.9,636.8,48.85,28235,57.73,10.3,23.2,6.58,39.34,378.48
0,12.1,188.8,14.67,7859,74.63,5.51,10.6,8.82,20.41,233.69
4.3,0,204.3,34.82,3488,53.44,6.69,24.6,8.38,23.09,366.51
4.2,10.5,243.8,26.67,44203,60.5,8.4,15.5,8.05,27.59,177.84
3.5,0,916.5,41.95,6328,50.24,10.91,35,5.79,43.08,639.54
3.2,12.4,163.2,52.81,7185,45.05,8.29,25.5,8.53,21.05,145.6
2.4,0,277,76.25,4753,47.49,9.16,30.9,7.75,34.56,130.12
0,0,191.5,37.68,4629,55.91,9.14,18,8.64,30.46,59.74
5.6,0,279.1,81.98,10408,40.81,8.86,30,7.3,35.93,380.25
3,0,681.7,55.79,3279,33.64,9.58,33.4,7.39,59.94,268.92
3.1,0,271.7,60.92,4609,52.74,10.67,36.2,7.76,51.81,457.39
0,0,365.3,79.11,482,30.71,11.1,42.9,4.05,39.12,875.45
3,0,184.3,47.11,3596,43.74,12.31,32.5,7.95,26.75,93.08
0,0,740.9,54.9,1697,41.6,13.7,43.7,6.06,38.13,136.82
3.4,17.4,903.5,62.75,53434,58.34,10.35,44.6,5.19,58.1,536.09
2.6,12.5,769.5,41.04,22124,60.91,10.12,27.4,6.1,39.13,437.99
0,0,298.8,54.18,1315,46.69,11.9,28.5,7.39,25.73,139.1
2.7,0,640.4,62.32,3325,41.62,11.59,38.2,5.81,44.36,147.93
0,0,659.8,79.64,1741,59.39,9.31,40.4,7,46.19,195.53
3.4,0,518.5,73.73,16798,45.72,11.28,37.4,6.26,43.91,445.02
0,0,308.2,53.43,5758,43.82,9.18,32.8,7.4,32.21,245.91
0,0,727.6,91.36,1641,25.47,11.36,48.5,5.87,71.41,297.97
3,0,1061.2,62.8,7871,48.99,12.82,46.1,5.15,54.21,846.77
0,0,844.3,62.95,1435,47.18,9.27,40,6.64,49.47,217.52
0,0,352.3,71.26,349,27.51,10.82,44.9,1.6,47.25,593.79
5.5,0,358.1,87.75,7684,32.65,10.06,35.3,7.21,40.65,154.11
0,0,623.6,64.38,2196,50,12.59,41.1,6.01,42.26,146.34
3.6,0,485.8,72.77,5185,23.74,15.46,48.9,5.48,53.97,253.35
0,0,761.9,91.56,2012,35.34,9.77,43.2,5.98,57.44,466.68
3.9,13.7,548.1,66.55,10748,48.79,8.02,32.6,5.7,48.16,273.71
3.6,8.5,622.3,68.71,10007,51.36,10.23,38.3,6.51,42.36,698.11
3.6,12.4,725.4,84.82,6738,43.56,10.59,42.7,6.22,37.76,490.78
1.8,0,103.7,24.89,1811,40.47,8.3,30.6,8.98,33.14,123.93
2.5,0,908.4,67.64,1646,23.03,13.96,43.1,5.87,30.3,196.94
3.9,10.2,641.9,69.28,16870,50.71,10.11,32.1,6.52,45.51,340.79
6.8,0,619.7,93.45,2086,48.08,9.57,45,6.31,56.79,407.4
0,0,603.7,49.38,1827,34.81,12.47,33.5,6.88,41.18,127.48
2.2,0,85.2,49.91,3941,57.27,7.38,30.4,8.74,17.81,60.47
4.3,0,541.2,67.99,6237,46.8,11.13,35.3,6.5,39.93,240.06
4.6,9.9,174.3,63.41,17555,45.91,7.65,27.7,7.42,29.52,439.64
2.9,11,372.4,45.01,22383,56.71,8.54,21.9,7.57,24.76,231.26
3.5,0,649.8,89.41,9091,40.28,11.1,39.6,5.68,37.37,360.06
2.9,0,576.8,66.95,1328,37.12,15.76,42.5,5.67,49.59,531.91
0,0,729.5,59.59,5307,41.44,11.3,36.7,4.76,46.92,344.19
4.4,0,418.8,89.15,8262,46.44,11.53,34.6,6.21,36.25,711.59
0,0,286.6,38.4,597,43.89,8.25,32.5,7.52,47.7,35.26
0,0,340.1,92.7,2817,18.78,10.2,47.5,6.88,32.46,90.58
6.2,0,124.7,37.7,6307,53.86,8.88,28.2,8.36,36.05,226.14
3.8,11,318.8,73.34,27929,40.81,11.26,28.3,6.75,30.53,288.24
3.4,0,645.3,71.19,2652,39.71,12.26,37.5,6.81,47.62,121.2
0,0,568,50.14,2171,30.35,10.87,37.5,5.06,49.55,494.94
4.9,0,667.1,61.55,2127,39.4,9.62,34.2,6.45,44.77,152.16
2.5,0,442.5,48.42,5136,41.86,8.81,33.4,6.88,48,103.24
4.5,0,408.3,91.07,4773,36.66,10.02,40.3,6.8,38.61,186.02
0,0,446.6,90.17,2289,29.18,11,38.4,5.5,36.38,424.28
0,0,392.9,93.29,2948,40.98,8.28,36.5,7.3,33.58,0
0,0,653.6,45.3,571,46.23,7.79,43.2,1.3,56.59,224.5
4.7,14.8,582.3,30.31,10375,49.4,11.18,40.2,5.1,54.5,504.63
0,0,196.5,45.48,4704,38.48,6.28,27.4,8.1,28.75,230.72
4.3,15.4,306.4,44.98,21191,54.46,7.39,20.5,7.7,26.96,482.16
4.6,13.4,282.1,54.3,27690,46.19,8.17,25.4,6.7,32.46,359.79
3.7,0,752.7,97,4050,45.63,11.14,44,4.7,50.18,498.26
3.8,13,262.6,74,4937,57.5,9.4,35.4,6.7,30.82,263.26
3.6,10.2,894.1,60.94,39494,55.84,8.82,44.6,5.4,54.1,544.86
3.8,0,549.8,30.11,2534,49.49,14.96,28.7,6.6,47.53,234.08
4.2,0,333.6,58.77,4507,36.96,9.55,34.5,7.2,35.81,221.12
4.8,0,525.9,70.39,3677,45.47,7.77,37.9,6.6,38.17,677.81
4.4,14.3,459.4,37.58,8875,69.96,7.09,14.5,8,28.81,155.55
3.6,15.3,1002.8,25.98,16519,64.22,9.17,29.8,5.2,41.21,249.28
0,0,661.6,68.86,5449,43.79,11.2,46,5.5,52.5,857.64
0,0,391.1,69.88,6518,34.35,9.75,29.6,7.5,34.71,254.99
0,0,738,74.92,1915,33.84,11.12,42.6,4.9,53.57,359.82
3,15.6,313.2,52.32,13856,62.32,8.46,22.7,6.4,32.2,386.19
0,0,431.8,73.34,2566,45.25,9.86,43.2,6.8,37.94,181.85
4.1,15.6,483.1,46.09,29184,49.31,9.61,25.2,6.4,34.49,430.93
5.4,13.4,116.8,50.04,17022,65.05,6.1,22.9,7.4,31.75,195.42
5.1,0,346,71.24,4303,31.61,10.26,36.3,6.5,40.96,147.11
2.8,16.1,878.3,46.22,75657,65.47,7.72,30.2,6.3,45.39,395.82
0,0,958.8,38.46,3829,73.62,16.65,24.4,3.7,20.07,77.29
6.8,0,209.9,77.68,6846,36.14,9.59,41.2,7,38.92,163.38
2.7,15.5,194.3,27.1,62413,69.68,6.49,13.9,8.3,24.13,99.92
4.3,12.1,786.6,23.84,32170,68.17,6.37,38.4,4.2,44.44,365.14
0,0,1155.3,55.01,598,37.96,8.43,55.7,5.1,66.94,201.06
3.7,9.7,704.1,54.95,79067,52.01,9.9,36.6,4.6,49.78,549.59
0,0,818.7,87.07,1598,37.17,10.26,39.8,6.6,44.37,486.97
2.8,15.8,397.2,28.92,210096,73.19,7.12,18,7.1,30.25,263.66
3.7,11.7,386.8,81.8,11759,38.48,11.46,38.1,5.9,39.77,341.24
5,12.5,277.4,83.91,12251,39.75,9.35,37.1,6.4,45.4,388.02
2.8,15.5,145.1,24.43,34416,71.92,6.34,10.5,8.4,23.43,90.45
2.7,13.7,531.8,73.13,4553,44.65,9.99,35.7,6.4,37.57,243.27
3.4,15.3,231.4,39.15,35941,60.11,7.43,19.4,7.5,28.38,191.31
5.7,0,246,35.29,3034,53.99,8.5,32.6,7.5,49.45,296.38
4.6,0,656.6,87.71,5684,53.45,11.52,48.9,3.9,59.61,473.65
5.5,0,78.8,33.87,3877,48.85,7.05,21.8,8.2,35.29,290.65
2.7,30,227.5,40.03,5403,53.88,6.7,20.6,8.5,31.64,65.04
3.5,12.8,792.5,84.29,6883,47.52,10.63,40.7,5.5,50.14,443.83
3,15.4,734.1,44.27,226385,69.34,8.3,30.1,5.8,43.99,604.97
4.7,0,375.1,64.35,5671,45.53,11.49,37.1,6.9,46.21,400.83
0,0,593.7,60.42,3682,33.89,13.06,41.1,4.4,47.4,350.11
3.3,12.4,1103.7,71.7,23438,56.25,9.81,44.5,3.2,63.79,818.03
3.5,8.3,515.8,37.79,38584,61.55,8.27,25.9,6.4,38.14,289.29
0,0,953.4,71.72,2334,44.9,7.34,43.3,5.8,56.7,582.19
0,0,150.5,42.36,1207,35.63,5.92,45,7.4,40.25,81.34
3.2,15,294.6,32.73,14569,56.24,6.71,15.8,8,27.21,120.58
4.1,0,553.7,64.99,4711,36.98,10.38,34,6.1,43.65,367.4
2.6,0,720.6,73.98,5582,43.14,11.37,49.6,4.9,48.92,417.83
0,0,776.5,90.91,2946,36.8,7.79,44.2,6.8,48.69,186.03
5.3,0,191.6,54.13,4678,39.95,8.37,34.8,8,34.6,418.6
2.9,13.3,224.1,12.31,21839,76.27,7.17,9.9,8,21.93,78.52
5.4,10.9,315,49.02,24155,51.87,8.84,30.3,6.4,30.96,439.65
2.5,18.6,91,18.15,51591,75.36,6.04,8.9,9,14.63,141.12
0,0,401.9,66.55,5247,40.71,9.47,31.4,7.3,28.29,126.09
2.7,17.9,702.4,41.5,302256,75.56,8.58,25.6,6.2,41.68,855.67
3.8,0,138.3,61.23,6457,41.51,8.72,39.9,7.6,29.39,151.9
0,0,159.1,42.8,770,46.49,11.26,24.2,4.2,27.77,0
2.5,15.4,399.9,66.24,19518,57.07,8.91,31,6.4,44.09,599.06
4.4,0,231.3,61.11,14839,41.63,9.13,25.7,7.2,28.15,339.24
2.8,0,345.9,78.74,6146,37.78,6.89,39.5,6.4,46.83,185.83
3.5,0,515.8,52.97,3416,34.34,8.66,41.2,6.9,41.4,299.58
2.7,14.7,360.6,30.06,249531,63.34,7.05,20,7.3,28.37,234.83
3.2,0,167.7,55.99,10933,46.91,7.5,30.4,7.1,29.08,163.34
3.4,15.7,243.8,56.67,49875,47.34,6.63,30.1,7.4,29.3,170.83
0,0,755.9,42.4,2270,28.94,16.02,48.8,3.1,57.98,115.86
4.2,17.7,264.1,60.17,7125,43.38,8.73,30.8,7.4,36.51,561.67
2.7,18.4,212,28.07,7621,68.23,6.46,15,8.7,19.12,94.68
0,0,258.6,47.97,5622,48.65,10.08,31.5,7,34.59,347.55
0,0,240.7,59.71,2784,39.4,9.93,30.9,7.2,29.46,243.75
2.9,13.1,419.5,30.11,58144,64.5,8.07,16.7,7,34.21,188.36
2.4,13.8,492.7,42.75,39548,65.64,7.14,21.9,6.7,36.57,335.05
0,0,520.8,56.87,2713,43.13,11.13,35,6.7,35.78,282.91
4.3,10.3,246,44.93,16585,55.44,7.45,18.6,8.2,26.17,134.91
0,0,410.9,51.6,3543,47.02,8.19,31.3,7.2,41.43,218.16
4.2,0,382.7,86.89,3678,43.2,12.16,36.9,6.3,36.05,385.47
3.6,0,1004.1,73.93,3837,37.74,14.65,39.5,5.5,49.91,297.03
0,0,607.8,62.08,1966,40.08,16.23,48.9,5.1,62.85,0
4.8,0,515.3,60.56,2698,40.59,12.74,39.1,6,39.06,355.93
4.4,0,178.5,26.46,7266,54.68,7.16,23,7.6,32.14,98.23
0,0,509.5,36.23,4084,47.18,10.35,29.4,6.8,29.97,419.35
4.5,0,423.1,51.44,2847,62.52,7.21,37.5,7.1,46.21,247.83
3.6,9.2,703.6,61.19,12011,41.83,10.47,38.3,6.1,42.81,365.15
3.3,15.3,285.3,34.4,8184,57.7,6.95,16.1,7.8,25.73,258.74
3.1,18.3,1067.6,66.35,18941,63.56,9.51,28.1,4.9,39.19,368.77
1.5,0,452.4,41.25,1520,36.12,9.7,32,6.6,51.68,377.55
0,0,336.5,37.69,4481,51.1,6.87,30.6,6.9,40.27,169.96
3.2,14.1,926.2,46.25,28845,61.47,8.01,30.5,5.8,42.41,310.25
2.5,0,140.5,22.52,6728,56.97,8.56,27,7.9,30.98,291.14
3.6,0,803.2,65.54,5138,43.38,9.33,37.4,6.3,50.2,144.67
3,0,411.9,55.95,2853,55.77,10.06,36.5,7,44.36,242.33
0,0,385.6,54.71,3665,36.1,14.17,43.7,4.6,45.9,309.03
4.6,15.2,404.7,46.61,7130,41.94,5.78,27,8,29.43,497.35
4.7,0,275.5,63.21,2134,41.19,7.08,38.8,2.8,45.5,0
3.2,0,451.3,55.89,4945,36.32,10.98,42.6,6.8,46.16,252.1
2.4,0,385.3,61.21,1337,54.15,5.57,39.5,7.2,46.17,199.59
0,0,600.6,79.5,6226,37.57,8.73,42.2,5.5,46.06,423.64
2,0,322.9,32.73,6306,52.81,7.88,21.3,7.5,30.27,156.05
3.5,0,392.7,47.99,2287,39.18,9.91,35.8,6.4,44.55,0
0,0,385.9,35.47,4134,50.34,7.24,24.9,7,25.77,164.22
5.2,13.7,281.8,69.55,10788,35.3,10.7,29.8,7,29.59,169.51
3.8,18.2,750.5,65.56,53718,63.18,8.89,34,5.3,49.56,507.57
2.6,11.9,716.2,45.25,27678,58.61,9.19,24.1,6.3,41.9,379.39
0,12.1,211.2,13.9,8022,74.25,4.83,10.9,8.5,19.47,187.43
4.3,0,294.2,35.33,3394,50.88,5.87,25.3,8.1,28.7,383.61
4.2,10.5,202.3,25.34,44121,60.55,7.4,14.9,7.8,28.06,144
3.5,0,999.2,39.98,6166,55.4,10.71,32.2,5.5,43.97,643.82
3.2,12.4,177.7,52.38,6984,45.5,7.54,25.6,8.3,22.25,144.24
2.4,0,360.9,70.27,4681,50.16,8.13,31.3,7.4,38.49,206.23
0,0,168.4,36.2,4488,56.93,8.4,19.4,8.4,30.24,54.54
5.6,0,286.5,79.85,10457,42.91,7.93,33,7.1,33.02,417.71
3,0,435.2,52.63,3239,36.34,9.63,33.7,6.6,56.82,399.96
3.1,0,481.2,56.82,4742,47.68,9.66,35.3,7.4,45.36,502.43
0,0,831.9,72.81,466,37.98,10.26,46.6,3.9,34.02,699.58
3,0,196.4,43.66,3585,44.57,10.61,32.2,7.4,27.53,114.49
0,0,518.6,56.28,1672,49.4,11.18,45.1,5.5,42.54,129.31
3.4,17.4,818.9,61.03,54427,59.67,9.4,43.6,4.8,57.3,507.16
2.6,12.5,723.6,38.47,21748,61.11,8.95,24.2,5.9,40.11,411.26
0,0,220.4,44.49,1265,47.27,9.98,28.6,6.8,26.51,118.73
2.7,0,521.1,64.11,3248,48.31,10.55,40.5,5.5,48.62,199.03
0,0,491.8,73.91,1730,57.4,8.41,43.4,6.8,51.17,257.01
3.4,0,524.5,70.9,16684,45.59,10.72,34.9,6,42.69,470.3
0,0,359.2,52.43,5622,43.95,7.92,31.1,7.2,32.22,281.25
0,0,513.1,88.65,1931,20.51,11.03,44,5.3,74.42,88.06
3,0,947.6,60.4,7675,49.28,12.32,54,4.7,55.59,810.26
0,0,751.9,67.9,1267,48.93,8.54,40.7,6.3,58.49,189.82
0,0,535.7,72.46,388,26.29,9.04,45.4,1.5,39,476.46
5.5,0,386.1,83.94,7760,33.4,9.6,37.6,6.9,40.38,123.59
0,0,795.7,63.31,1987,47.01,10.7,41,5.6,41.41,181
3.6,0,428.2,69.38,5193,23.96,15.56,40.6,5.3,53.81,191.6
0,0,1138.8,92.79,2020,36.44,9.3,44.6,5.9,60.65,440.17
3.9,13.7,641.7,66.67,10770,52.85,7.23,29.2,5.1,49.29,301.73
3.6,8.5,698.9,62.08,10132,51.86,8.67,40.7,6.4,46.42,644.84
3.6,12.4,479.6,81.04,6522,44.86,9.96,40.8,5.8,40.81,415.64
1.8,0,152.5,24.07,1773,42.75,7.5,29.3,8.4,26.46,122.63
2.5,0,590.9,65.89,1676,31.15,13.05,43.9,5.5,38.87,248.57
3.9,10.2,765.3,64.99,16841,51.49,8.83,33.5,6.1,47.5,309.65
6.8,0,654,90.06,2058,47.81,7.96,45.8,6.1,43.61,538.35
0,0,449.9,45.87,1733,38.08,10.97,33.8,6.4,42.74,137.87
2.2,0,79.3,47.48,3822,54.4,6.59,29.2,8.3,24.62,68.37
4.3,0,619.6,67.56,6165,47.95,10.2,34.6,6.1,35.96,202.61
4.6,9.9,151.3,60.15,17442,47.8,7.09,25.7,7,30.19,338.46
2.9,11,384.3,43.56,22075,56.64,7.51,20.3,7.3,27.95,253.42
3.5,0,617,89.8,9080,40.94,10.35,40.7,5.3,40.78,346.47
2.9,0,1057.7,62.92,1168,38.44,12.54,42.8,5.3,57,575.54
0,0,809.4,58.92,5155,42.13,10.83,36.8,4.7,48.36,315.36
4.4,0,379.5,83.36,8295,44.88,10.63,33.8,5.9,39.66,683.61
0,0,393.8,34.88,631,43.58,7.8,33.7,7.2,62.46,35.35
0,0,266.2,83.19,2821,21.13,9.45,45.6,6.5,45.46,26.95
6.2,0,206.9,33.71,6024,50.88,7.75,30.1,8.1,39.19,220.17
3.8,11,270.9,66.75,27561,41.13,10.28,27.5,6.6,32.55,261.9
3.4,0,683.7,67.96,2630,36.81,11.94,39.5,6.5,43.95,175.15
0,0,565.7,49.17,2230,34.08,10.17,37.5,4.6,46.44,448.73
4.9,0,636.9,53.71,2072,34.07,9.02,34.8,6.2,40.51,167.7
2.5,0,303.6,49.25,5113,37.81,8.24,34.4,6.6,45.07,146.28
4.1,14.2,381.1,86.22,4590,35.88,8.94,36.5,6.6,42.7,186.02
4.5,14,289.72,91.61,2263,32.7,7.75,37.7,6.1,35.26,424.28
4,15.1,294.7,83.16,2834,40.51,6.96,39.4,7.2,36.89,0
4.1,12.8,178.25,43.1,642,45.64,8.87,41.3,1.6,47.97,224.5
4.3,14.4,429.18,28.18,10241,49.37,8.91,34.8,5,53.1,504.63
3.8,16.2,114.65,44.83,4649,40.35,6.64,27.4,7.9,27.19,230.72
3.6,16.8,163.89,42.52,21150,52.79,6.33,19.3,7.7,29.11,482.16
3.8,16.9,316.91,49.04,27349,47.27,7.16,20.6,6.6,31.86,359.79
4.6,12.8,718.44,88.87,4095,50.43,10.3,40.4,4.7,51.06,498.26
4.2,14.2,257.34,70.16,4859,50.9,9.01,36.2,6.8,34.82,263.26
4.4,13.6,709.44,58.25,39261,55.77,8.06,42.6,5.4,53.14,544.86
4.1,14.6,487.88,28.29,2648,43.16,11.44,31.8,6,47.13,234.08
4,15.4,306.67,62.29,4439,39.15,9.24,32.1,7,35.05,221.12
4.2,13.1,447.96,65.06,3524,47.9,7.39,42,6.5,44.28,677.81
3.5,17.9,273.17,35.77,9124,72.92,6.49,16.8,7.9,28.94,155.55
4.3,17,515.86,24.02,16800,65.27,7.44,34.8,5.2,39.88,249.28
4.5,12.9,670.27,65.15,5386,47.23,10.14,42.4,5.4,52.23,857.64
3.7,16.3,170.04,64.38,6453,34.94,7.59,31,7.3,37.29,254.99
4.7,12.3,461.25,69.14,1937,29.22,7.42,44.7,4.7,55.03,359.82
3.6,18.4,398.82,48.99,13809,64.93,6.83,18,6.3,26.17,386.19
4.4,13.5,206.89,69.25,2652,42.76,7.21,43.6,6.6,46.87,181.85
4,15.9,222.26,43.84,29044,49.19,8.19,32.8,6.2,33.8,430.93
3.7,16.5,109.15,47.15,17025,67.95,6.22,18.9,7.1,29.52,195.42
3.7,16.6,443.78,68.22,4143,31.21,7.77,34,6.3,30.55,147.11
3.8,17.4,615.7,42.78,77429,67.01,7.28,27.5,6.3,44.28,395.82
3.7,24.2,176.42,37.31,3700,75.11,9.85,22.4,4,17.97,77.29
4.2,14.6,260.45,72.7,6787,33.24,7.86,28.2,6.8,39.68,163.38
3.4,17.6,137.81,24.33,62302,69.4,5.56,12.6,8.1,25.25,99.92
4.4,16.5,610.31,21.89,32633,68.79,6.91,39,4.2,42.95,365.14
5.3,8.9,288.83,54.96,583,35.68,11.03,56.4,5.5,72.19,201.06
4.2,12.6,491.18,51.08,78285,52.46,9.35,36.4,4.7,49.58,549.59
4.4,13.7,565.64,89.23,1735,36.95,8.74,40.6,6.3,48.89,486.97
3.4,17.4,273.24,26.16,210542,73.62,6.04,17.8,7.1,31.1,263.66
4.2,14.5,312.72,77.6,11576,41.84,8.48,38.5,6.1,41.97,341.24
4.4,13.7,286.1,79.67,12326,38.67,8.24,39.9,6.4,43.53,388.02
3.4,16.6,155.74,22.2,35688,71.84,5.91,13,8.3,24,90.45
4.2,13.9,395.91,69.04,4545,49.35,8.43,33.7,6.5,34.5,243.27
3.5,16.3,138.24,35.03,35830,61.17,6.24,17.2,7.4,29.45,191.31
3.9,14.9,190.48,34.95,2865,51.59,7.49,31,7.4,46.22,296.38
4.4,12.5,525.29,84.56,5694,53.25,9.21,45.9,3.9,55.73,473.65
3.7,16.9,66.71,31.84,3836,49.71,6.5,21.5,8,28.26,290.65
3.7,16.7,124.88,39.93,5415,54.9,6.1,18.2,8.2,31.97,65.04
4.4,12.5,599.8,78.65,6735,46.98,8.33,40.6,5.6,53.21,443.83
3.9,16.6,406.03,41.56,226743,69.55,7.3,33,5.9,44.77,604.97
4.1,14.7,253.18,63.61,5516,46.03,10.02,36.9,6.6,40.51,400.83
4.4,12.5,453.97,56.14,3795,33.39,9.75,39.5,4.3,44.54,350.11
4.5,11.6,756.61,67.52,23486,56.88,9.36,47.4,3.2,62.64,818.03
3.9,14.7,343.36,35.13,38371,62.81,7.45,20,6.3,36.45,289.29
4.2,12.4,783.46,67.68,2327,51.83,9.01,40.6,5.6,52.64,582.19
4.2,15.4,0,40.57,1155,34.2,5.86,37.1,7.7,39.62,81.34
3.5,17.6,221.42,32.66,14671,56.71,6.21,16.7,7.9,28.38,120.58
4,13.6,279.41,61.29,4615,32.11,8.73,31.9,6.1,38.06,367.4
4.5,13.1,720.59,73.17,5557,42.09,10.72,45,4.7,49.05,417.83
4.2,13.7,542.61,89.8,2880,39.24,6.55,38.5,6.9,48.55,186.03
4.1,13.6,80.88,47.97,4638,39.78,7.76,32.3,7.7,33.66,418.6
3.3,15.5,112.53,11.49,21559,74.82,6.2,9.7,7.9,21.82,78.52
4,15,361.83,44.56,24041,53.01,7.93,29.2,6.4,33.61,439.65
3.2,18.2,35.12,14.74,52023,75.33,5.3,8,8.9,13.26,141.12
4,14.9,223.81,63.09,5305,40.72,8.28,31.1,7.4,32.12,126.09
3.5,17.7,451.64,38.3,306192,75.84,7.19,25.2,6.2,42.64,855.67
3.9,14.2,99.33,58.89,6316,41.96,7.39,33,7.6,31.44,151.9
3.9,15.6,509.23,46.09,703,52.35,8.4,24.6,4.2,24.64,0
3.8,14.3,503.57,63.01,19553,55.68,7.57,30,6.3,46.71,599.06
4,15.5,265.39,56.71,14783,43.67,7.44,26,7.2,27.45,339.24
4.5,13,255.5,72.77,6235,39.73,7.41,38,6.3,52.9,185.83
4.2,11.8,348,50.6,3440,37.59,8.29,39.3,6.9,49.64,299.58
3.5,16.1,218.99,26.65,249796,63.64,6.14,19.9,7.5,29.07,234.83
3.9,15.3,147.06,51.74,10886,45.4,6.98,22.3,7,25.83,163.34
3.7,16.5,170.97,51.99,49737,46.93,5.93,24.9,7.5,29.47,170.83
4.5,11.1,633.61,40.44,2176,29.78,11.94,43.9,3.3,54.11,115.86
3.9,15.8,147.89,56.19,7149,44.43,7.8,27.6,7.2,33.04,561.67
3.3,16.6,113.67,26.84,7413,69.03,6.11,14.4,8.6,23.58,94.68
4.1,13.9,195.94,45.93,5618,47.72,7.77,30.3,6.8,35.88,347.55
4,15.4,111.75,57.59,2784,42.78,7.92,27.5,7.1,28.73,243.75
3.6,15.4,242.04,27.58,57587,65,7.27,19,6.9,37.25,188.36
3.7,15.1,463.95,40.07,40321,64.89,6.88,23.6,6.6,37.47,335.05
4.1,14,312.5,53.75,2660,46.2,10.06,35.3,6.6,35.91,282.91
3.6,16.4,141.98,40.09,16555,55.21,6.01,18.5,8.1,25.73,134.91
4.2,14.2,264.12,46.16,3395,45.54,6.63,29.2,7.1,41.53,218.16
4,14.8,303.51,83.55,3653,43.31,8.39,38.9,6.5,35.62,385.47
4.6,11.5,985.88,71.83,3765,34.87,11.55,37.5,5.3,47.36,297.03
4.4,13.2,531.86,59.52,2108,45.97,10.28,45,5,64.23,0
3.8,15.3,586.04,55.07,2711,40.83,8.8,36.9,5.8,35.27,355.93
3.6,15.5,136.47,26.09,7316,58.93,6.42,20.5,7.4,33.29,98.23
4,14.9,420.89,33.88,4043,52.14,9.53,30.7,6.7,30.32,419.35
4.2,15.2,230.77,51.47,2935,62.96,7.87,37.1,6.7,49.66,247.83
4.3,13.5,478.76,58.57,11884,42.54,9.51,36.8,6,43.68,365.15
3.5,17.1,212.2,33.03,8227,61.16,6.36,17.4,7.7,27.54,258.74
3.9,18.6,717.88,65.76,19028,64.24,7.85,27.8,4.9,38.87,368.77
4,13.2,310.2,38.76,1546,36.22,8.34,29.6,6.4,52.08,377.55
3.8,17,224.33,36.52,4599,54.23,7.31,31.3,7,39.34,169.96
4.1,15.8,657.34,43.56,28907,61.42,7.27,32.9,5.7,43.2,310.25
4,16.8,98,20.63,6670,57.62,6.57,23.2,7.7,30.81,291.14
4.1,13.4,780.13,62.42,5177,45.32,9.89,42.1,6.2,46,144.67
3.8,13.7,267.36,51.93,2984,48.19,8.17,36.1,6.9,45.47,242.33
4.3,12.5,245.39,53.75,3756,34.05,12.34,40.8,4.6,42.52,309.03
3.9,15.5,272.19,46.53,7016,42.15,6.47,29.4,7.9,33.75,497.35
4.1,13.5,206.64,61.54,1981,48.46,7.67,39.5,3,38.63,0
4.2,13,235.04,52.03,4768,38.19,9.79,33.9,6.4,40.48,252.1
4.2,13.2,268.05,55.56,1332,56.23,6.34,37.2,7.1,49.36,199.59
4.5,12.8,522.81,76.52,6152,38.35,7.96,39.2,5.4,42.3,423.64
3.7,14.9,259.04,31.17,6261,53.23,6.71,20.9,7.3,33.02,156.05
4.1,14.7,392.68,47.04,2195,41.18,10.23,31.3,6.3,36.52,0
3.7,14.7,229.29,34.38,4002,53.8,6.56,24.1,7,25.92,164.22
4.1,15.8,243.7,65.44,10629,34.73,9.5,27.3,7,32.07,169.51
4.1,14.9,492.41,62.16,55925,63.4,8.54,31.7,5.2,50.36,507.57
3.9,15.1,453.18,42.96,27537,59.71,8.23,28.9,6.3,39.17,379.39
3.4,17.7,193.34,11.33,8031,76.27,5.08,10.3,8.3,17.5,187.43
3.6,15.7,171.02,36.32,3649,53.55,6.41,24.8,7.8,29.49,383.61
3.5,17.3,158.15,23.9,43587,60.11,6.21,15.6,7.7,27.33,144
4,14,756.64,36.3,6181,55.67,9.6,32.5,5.6,45.16,643.82
3.7,16.1,102.5,46.91,6842,48.07,6.65,22.3,8.1,23.71,144.24
3.9,15.3,355.55,66.8,4722,50.61,7.59,27.8,7.2,39.26,206.23
3.7,16.5,112.3,34.21,4439,57.72,6.99,18.2,8.2,29.54,54.54
4.1,15.2,254.93,73.77,10670,42.4,7.84,30.6,7.1,30.51,417.71
4,13.3,409.56,50.45,3325,35.61,7.98,32.7,6.7,47.85,399.96
3.9,13.9,419.85,53.13,4889,51.2,9.2,33.8,7.4,40.32,502.43
4.6,10,166.39,71.43,437,35.24,8.64,48.4,3.8,28.54,699.58
4,13.9,128.86,42.52,3562,44.58,8.34,33.1,7.6,33.54,114.49
4.6,10.8,518.63,51.09,1543,46.21,9.66,51.4,5.6,55.3,129.31
4.4,13.9,723.64,57.93,54632,58.94,8.67,37.9,4.8,57,507.16
3.8,13.8,320.44,34.47,21394,58.25,7.89,27.4,5.9,44.4,411.26
4,14.7,200.4,40.03,1158,50.09,7.73,27,6.9,34.33,118.73
4.2,13.1,359.1,60.44,3187,48.64,10.03,40.2,5.4,46.2,199.03
4.1,13.1,245.89,72.88,1785,59.16,9.54,42.7,6.6,45.29,257.01
4.3,14.1,311.59,67.57,16353,46.24,9.5,41.4,5.9,44.04,470.3
4.1,14.6,204.7,51.21,5558,46.15,7.6,30.3,7,31.24,281.25
4.5,13.1,479.97,90.17,1803,25.73,7.93,44.7,5.3,73.64,88.06
4.4,12.4,760.6,58.16,7386,50.76,9.59,47.6,4.6,54.98,810.26
4.3,11.8,537.06,69.1,1244,45.34,7.9,37.2,6.3,62.22,189.82
4.8,9.9,595.24,71.81,376,29.52,11.04,49,1.7,43.31,476.46
4.1,15.1,256.07,77.34,7881,36.59,7.36,37.8,6.8,43.13,123.59
4.3,12.9,546.32,61.09,1965,51.09,10.46,35.4,5.8,41.95,181
4.3,13.6,336.41,63.64,5305,23.98,10.16,41.6,5.6,51.81,191.6
4.5,11.4,530.68,86.4,1980,36.26,8.19,46.1,5.8,61.41,440.17
4.2,13.1,552.28,64.55,10743,53.84,8.57,35.5,5.1,47.07,301.73
4.2,14.2,633.16,57.11,10204,52.86,7.37,40.4,6.3,43.19,644.84
4.3,13.8,358.78,78.01,6663,44.42,9.91,37.9,5.9,39.32,415.64
3.8,14.3,209.62,22.88,1682,50.95,8.93,28.4,8.2,34.72,122.63
4.1,14.9,502.29,65.09,1624,35.78,10.76,39.8,5.4,40.93,248.57
4,15.4,387.04,62.13,16932,51.68,7.46,27.5,6.1,47.4,309.65
4.2,12.9,594.53,83.47,2053,43.94,7.93,46.6,6.3,51.36,538.35
4.6,11.9,236.77,39.69,1667,38.99,11.38,39.4,6.3,48.68,137.87
3.7,13.6,97.9,41.59,3797,49.7,6.51,29.1,8.2,24.38,68.37
4.2,13.9,506.95,66.11,6122,53.04,9.19,41,6,34.99,202.61
3.9,15.7,120.42,56.56,17115,47.91,7.16,27.8,6.8,33.22,338.46
3.6,16.6,235.29,40.63,21928,55.2,6.47,23.8,7.2,31.8,253.42
4.1,14,683.96,89.08,8939,41.59,8.14,40.5,5.2,42.89,346.47
4.3,11.2,717.1,56.85,1110,31.98,9.92,42.8,5.3,55.98,575.54
4.2,13,651.37,58.41,5154,39.89,8.42,44.2,4.6,53.49,315.36
4,15.5,362.98,79.44,8304,43.87,8.99,35.1,5.7,37.88,683.61
4.2,12.4,393.84,30.1,564,44.68,8.46,35.6,6.9,59.63,35.35
4,15.7,190.16,77.41,3126,21.94,12.11,37.4,6.2,37.84,26.95
3.9,15.2,112.5,31.79,6014,49.78,6.31,27,7.8,39.13,220.17
4.1,14.6,302.83,60.73,27621,41.41,7.93,28.4,6.9,28.96,261.9
4.1,14.3,341.86,67.83,2592,31.17,9.42,39.8,6.4,43.37,175.15
4.3,12,377.13,44.62,2263,31.86,9.4,40.9,4.7,48.08,448.73
4.2,13.4,595.18,49.42,2177,31.01,8.76,34.9,5.9,44.03,167.7
4.1,14,206.98,47.11,5024,37.2,7.83,34.7,6.6,47.98,146.28
4.07,15.06,368.8,81.29,4550,33.76,7.09,34.2,6.8,44.4,161.14
4.36,14.63,289.5,89.68,2264,36,5.58,40.5,6.7,38.24,0
3.96,16.25,365.5,73.57,2859,41.97,5.46,36.8,7.5,36.9,0
4.08,13.28,299.3,35.57,723,46.89,7.26,41.9,2.1,46.25,224.5
4.31,14.86,556.1,25.13,10069,48.68,7.76,35.5,5.1,55.81,563.73
3.86,16.74,119.5,44.45,4477,40.7,5.44,24.4,8.1,30.33,155.78
3.78,17.4,375.1,38.87,21209,53.6,5.15,21.3,7.9,30.67,480.48
3.72,18.98,370.3,45.12,27200,50.72,5.75,21.5,6.8,32.93,441.98
4.51,13.02,747.9,81.54,4186,48.14,9.04,46.9,4.9,50.85,400.74
4.13,15.16,304.5,67.69,4735,48.38,6.98,36.9,6.8,32.81,208.49
4.13,13.94,1038,56.8,39156,55.48,6.56,41.6,5.2,55.03,510.82
3.91,15.43,555.9,26.55,2656,46.91,9.11,31.7,6.3,49.63,274.08
4.13,16.34,256.9,63.63,4336,38.56,7.27,34.3,7.3,40.89,171.18
4.11,13.95,457.6,61.03,3513,45.83,5.95,38.9,6.5,41.47,479.27
3.6,18.46,389.1,32.64,9458,71.71,5.18,16.2,8,28.96,144.09
4.22,16.58,957.7,22.13,16806,68.83,5.96,31.3,5.3,39.49,171.05
4.25,13.43,501.7,60.62,5438,46.73,8.05,37.9,5.4,54.73,648.91
3.75,16.64,329.6,61.66,6544,34.64,6.44,26.9,7.4,35.04,231.05
4.58,12.77,459.9,64.46,1990,32.36,6.09,42.4,4.7,49.18,1717.73
3.64,18.98,330.3,44.99,13920,64.95,5.47,20.4,6.6,28.54,411.69
4.47,13.43,320,60.06,2660,44.47,5.59,43.3,6.8,50.14,0
3.97,17.1,653.3,40.77,29207,49.28,6.6,26.4,6.4,34.79,288.42
3.68,17.5,229.7,43.83,16747,65.39,5.13,19.6,7.3,29.73,221.92
3.62,17.85,430,64.81,4182,30.25,6.24,37.7,6.7,27.4,136
3.69,16.1,796.2,38.8,79377,68.36,5.73,25.3,6.3,43.75,397.11
3.73,24.54,654.1,37.34,3638,71.08,8.78,24.5,4.8,14.13,0
4.11,15.71,314.3,67.5,6496,32.84,6.2,28.8,7.1,37.96,178.5
3.47,18.43,200.8,21.54,62044,69.28,4.57,12.3,8.4,25.22,83.88
4.61,17.58,813.1,19.85,32875,70.33,5.86,41.6,4.2,42.68,371.84
5.08,9.36,755.3,49.92,635,35.12,11.28,52,4.6,68.63,49.13
4.11,13.22,778.5,46.58,78250,52.62,7.47,35.4,4.4,50.64,576.33
4.36,14.2,927.2,80.18,1793,46.12,6.79,39.6,6.2,52.81,486.2
3.41,17.16,390.1,23.46,211512,73.36,4.97,16.4,7.2,30.88,266.65
4.14,15.46,453.5,70.87,11534,40.2,6.57,34,6.3,44.26,413.28
4.23,14.61,322,71.22,12119,40.1,6.42,35.5,6.5,42.57,388.02
3.27,18.56,162.5,19.67,37403,74.13,5.01,11.3,8.4,22.23,52.98
4.17,14.41,468.8,63.61,4393,44.27,6.61,35.7,6.5,35.78,205.62
3.48,19.11,255.3,31.77,35714,61.81,5.19,16.4,7.6,28.88,187.21
3.86,15.68,199.9,33.92,2884,53.33,6.15,28.9,7.7,41.45,239.01
4.37,12.75,587.1,77.44,5649,53.46,6.88,47.4,4.1,50.73,405.39
3.69,17.82,145.4,29.8,3827,50.72,5.36,21.8,8.4,23.83,416.24
3.53,17.46,145.5,37.18,5454,55.57,4.96,18,8.6,34.59,73.51
4.22,13.56,858.9,72.42,6692,49.19,6.69,39.9,5.7,55.17,627.33
3.65,16.34,642.5,38.05,228174,69.98,5.93,27.7,5.8,44.58,628.24
4.04,15.72,443,60.91,5559,46.59,8.27,38.1,6.7,47.98,394.93
4.33,12.99,398.5,52.11,3658,31.27,7.5,45.4,4.6,41.5,284.16
4.38,12.2,1025.1,63.55,23454,57.18,7.66,42.1,2.9,62.41,868.98
3.75,16.54,500.1,32.52,38063,63.3,6.19,21.6,6.3,36.6,301.23
4.26,12.75,929.6,65.74,2344,51.45,6.79,41.6,5.6,54.15,864.56
4.25,15.64,147.9,34.96,1079,41.33,4.67,39.3,8.1,42.95,65.45
3.58,18.85,361.8,31.18,14883,55.25,5.01,15.3,8.1,26.81,88.91
3.9,14.57,454.1,58.84,4581,32.05,7.43,35.3,6.3,40.95,363.32
4.3,14.76,782.8,68.5,5559,40.55,8.51,40.2,4.7,51.86,446.04
4.19,14.21,664.6,80.41,2852,40.57,5.51,41.8,7,43.94,117
3.96,14.21,105.2,45.18,4632,39.55,6.04,29.8,8,30.33,223.18
3.31,16.05,257.5,10.24,21380,74.71,5.1,10,8,20.69,80.14
3.91,15.74,471.7,40.41,24051,52.45,6.57,28.7,6.5,35.86,358.67
3.09,18.14,97.7,12.48,53016,76.8,4.42,6.9,9.2,14.66,69.2
4.09,15.18,395.3,59.03,5091,39.68,6.29,31.3,7.5,30.54,142.24
3.64,18.26,668,34.6,309641,75.78,5.85,23.8,6.2,42.32,807.6
3.99,15.12,147,51.69,6212,40.63,5.85,30.6,8.1,31.96,237.36
3.95,16.13,193.4,42.64,716,48.18,6.56,24.4,4.9,24.17,20.26
3.81,14.91,451.5,57.45,19533,56.53,5.99,30,6.4,44.96,557.84
4.04,16.19,234.9,51.58,14634,45.86,5.74,26.4,7.6,28.97,308.75
4.34,13.63,490.5,66.12,6116,44.29,6,41.1,6.3,50.1,213.04
4.12,12.21,471.8,48.97,3423,39.09,6.99,37.9,6.8,52.57,250.08
3.37,16.36,341.7,23.91,250763,63.4,5.07,17.9,7.6,29.45,210.74
3.86,15.93,198.6,46.22,10914,45.28,5.62,23.5,7.4,26.01,158.9
3.9,16.21,267.9,47.78,49839,47.3,4.75,24.3,7.8,27.7,169.02
4.25,12.5,687,37.32,2169,26.97,10.03,43.7,3.4,49.29,108.94
3.92,16.97,263.2,52.45,7039,49,6.31,27,7.6,30.23,672.99
3.44,17.22,168.4,25.74,7452,68.57,5.22,13.6,8.7,24.91,89.34
4.15,14.43,204.4,45.42,5643,52.26,6.11,28.7,7.2,35.53,357.64
3.96,16.17,199,51.81,2714,40.86,6.2,30.7,7.5,31.76,188.82
3.58,17.28,447.6,26.2,57115,65.17,6.04,15.8,6.8,37.14,179.08
3.89,17.11,584.5,37.46,40753,64.75,5.8,22.6,6.6,38.42,326.36
4.18,14.17,530.4,49.87,2540,44.57,8.14,37.1,6.6,42.32,329.91
3.59,18.38,247.4,35.74,16527,55.32,4.77,17.8,8.5,25.1,149.79
4.06,15.03,338.2,41.03,3280,40.98,5.41,28.9,7.3,33.02,306.81
4.18,15.33,453.2,80.64,3679,44.52,6.44,34.1,7.1,41.96,470.01
4.32,12.29,876.2,65.09,3812,38.25,8.93,39.7,5.4,54.63,472.31
4.5,13.38,561,64.66,1910,43.14,8.25,47.3,5.7,65.67,0
3.8,15.73,460.7,49.38,2552,40.48,6.97,37.1,6.1,35.31,303.37
3.76,16.24,122.5,25.44,7117,58.47,5.34,20.7,7.6,32.21,80.65
3.98,15.32,384.2,31.72,4071,56.01,7.58,29.3,6.8,37.45,378.95
4,16.2,374.7,49.34,3285,55.13,6.63,35.9,6.6,43.22,361.43
4.27,13.14,616.7,54.22,11681,43.61,7.54,36,6,44.43,285.82
3.5,17.94,282.1,30.68,8244,63.31,5.31,16.1,7.7,27.97,307.45
3.89,16.87,634.6,61.32,19130,63.86,6.3,27.3,4.9,36.46,366.46
4.05,13.68,309.6,34.23,1576,41.69,6.63,31.9,6.6,50.1,377.26
3.77,17.99,264.7,34.52,4749,58.6,5.92,27.7,7.1,36.45,163
4.09,15.29,842.2,39.41,28916,62.56,5.95,32.4,5.6,43.22,260.33
3.89,17.98,165,19.68,7450,55.52,5.34,22.4,8,31.1,125.75
4.09,14.24,862.5,60.1,5131,45.27,8.23,40.5,6,49.92,122.49
3.89,14.04,292.7,50.76,3069,53.37,6.37,39.3,7,51.57,162.44
4.21,13.59,456.8,55.26,3640,36.76,8.91,43.6,4.4,44.27,447.12
3.98,16,317.2,45.16,6984,44.53,5.38,23,8,34.35,159.69
4.05,14.13,428.2,59.36,2074,49.32,8.16,40.1,3,51.53,103.42
4.13,13.58,438,49.38,4795,37.41,7.82,33.7,6.5,39.46,302.1
4.12,13.9,590,52.3,1308,50.38,5.35,37.8,6.9,55.87,249.76
4.15,14.17,668.3,70.12,6019,39.29,6.56,38.1,5.2,41.89,253.54
3.82,15.78,348.4,29.79,6294,55.53,5.63,19.5,7.4,35.81,184.33
4,15.5,487.8,43.29,2274,43.05,8.39,32.2,6.4,34.26,0
3.68,15.74,382.4,34.75,3592,55.82,5.36,22.8,7.2,25.24,165.1
4.03,16.33,236.8,57.97,10281,37.8,7.41,26.7,7.3,29.24,218.3
4.06,16.23,784.4,58.67,57164,64.58,7.37,31.1,5.1,48.68,516.84
3.83,15.38,563.2,38.79,27289,61.35,6.63,23.3,6.2,41.25,381.77
3.36,18.64,226.2,10.6,7919,76.34,4.34,8.6,8.5,17.92,108.88
3.74,16.46,206.2,36.32,3779,50.36,5.35,25.2,8,31.3,371.49
3.5,18.26,192.6,21.7,42806,60.31,5.08,12.7,7.8,27.45,146.54
4,14.85,829.2,33.73,6216,63.05,7.9,33.4,5.6,45.08,545.93
3.71,16.73,114.9,43.25,6882,51.12,5.23,22.2,8.3,26.1,195.62
4.02,15.91,332.7,62.96,4703,48.08,6.07,31.1,7.5,41.63,223.35
3.62,17.76,252.9,32.12,4454,54.94,5.56,16.9,8.4,25.45,82.02
3.94,16.09,356.9,66.1,10481,41.68,6.51,32.3,7.3,33.05,521.26
4.08,13.79,511.2,41.34,3235,39.01,6.52,34.5,6.7,44.47,706.02
3.88,14.71,453.9,48.21,4889,49.09,7.97,33.1,7.5,33.8,540.04
4.23,11.22,507,63.6,424,32.78,6.72,47.9,3.8,42.98,310.43
3.99,14.83,215.6,38.8,3445,45.17,6.63,28.1,7.9,29.33,152.94
4.36,11.54,597.5,46.71,1679,45.44,8.98,44.1,5.1,53.84,318.78
4.08,14.31,844,53.63,54844,57.76,7.3,37.7,4.6,55.17,423.38
3.86,14.12,586.8,32.08,21237,57.56,6.37,26,5.8,45.03,333.93
4.06,15.45,176.9,35.44,1133,50.66,6.59,29,7.2,37.4,191.07
4.25,13.68,540.7,60.01,3036,49.67,8.1,40,5.4,45.5,401.09
3.9,14.09,547.8,69.77,1693,55.88,8,42.7,6.7,45.06,259.92
4.14,14.63,462.2,63.66,16069,48.06,7.81,35.5,6,46.97,531.48
4.03,15.62,482.8,46.61,5594,47.1,6.48,31,7.3,32.45,329.56
4.45,13.46,443.1,81.22,1913,24.78,6.65,48.4,5.5,77.96,48.08
4.4,12.87,870.4,53.5,7429,49.2,8.2,48.1,4.9,56.48,750.19
4.13,12.51,325.3,64.49,1243,46.66,7.57,41.8,6.4,62.19,86.57
4.37,11.24,645.9,82.6,397,28.97,8.12,54.4,1.2,47.19,252.95
4.09,16.02,372.2,69.19,8008,32.87,5.99,36.1,7,41.78,78.64
4.31,12.97,543.5,54.95,1816,52.15,9.3,41.1,5.8,41.38,252.85
4.18,13.89,427.9,60.95,5451,24.66,8.49,42.2,6.1,51.02,256.07
4.49,11.72,975.4,82.26,2001,41.83,7.36,55.7,5.6,65.09,427.8
4.14,14,824.6,60.84,10767,58.04,7.08,32.4,5,48.04,327.41
4.14,14.41,613.1,52.63,10303,52.95,6.16,39.8,6.4,48.06,560.25
4.24,14.24,696.7,75.51,6809,44.32,8.51,39,6,38.37,414.9
3.82,15.07,232.1,23.28,1660,50.84,7.79,26.6,8.2,35.99,202.69
3.86,15.41,491.7,56.59,1585,43.15,8.21,41.6,5.8,44.62,135.06
3.9,16.12,724.1,57.66,17082,53.44,5.96,28.4,6.2,48.64,275.64
4.19,13.53,811.4,74.68,1952,45.54,6.54,44.8,6.1,52.6,1007.59
4.36,12.52,377.3,38.54,1685,46.11,9.13,35.1,6.1,49,163.07
3.68,14.23,74.2,38.94,3864,52.87,5.19,26.7,8.4,32.68,176.58
4.06,14.19,312.4,64.26,6001,49.16,7.11,33.7,6,35.98,277.74
3.89,16.2,165.7,52.52,16933,48.59,5.85,26.5,6.9,36.11,509.09
3.8,16.9,351,37.15,21875,55.47,5.27,19.3,7.4,32.85,301.53
4.17,14.15,784.1,86.08,8919,41.99,6.35,45.6,5.3,49.57,410.54
4.14,11.96,701.7,54.37,1072,34.79,7.66,43.9,5.6,54.7,531.44
4.1,14.02,759.3,60.37,5093,41.96,6.85,36.5,4.6,52.65,284.02
3.99,16.09,418.9,73.12,7996,45.47,7.34,32.8,6,36.47,565.83
4.04,13.36,662,27.21,588,44.22,8.94,36.1,6.4,60.06,96.02
4.19,15.67,328.7,69.15,2820,20.07,10.7,39.2,6.1,33.77,126.06
3.77,16.14,68.4,29.48,5832,52.61,5.08,24.9,8.1,32.74,164.53
3.93,15.44,317.6,54.91,27423,43.13,6.34,22.1,7.4,29.35,244.86
3.94,15.14,379.5,66.55,2611,28.27,7.59,40.4,6.6,39.74,272.51
4.13,12.76,619.4,44,2094,33.14,7.5,34.7,4.6,45.01,424.4
3.95,13.8,530.1,50.24,2062,33.32,7.43,34.2,6,43.48,129.63
3.96,14.75,291.2,46.01,5018,36.89,6.38,34.3,6.7,44.69,357.29
4.17,14.69,269.7,71.7,4561,37.36,6.43,31.6,7.4,40.29,161.14
4.44,14.42,583.7,81.27,2164,34.1,5.25,41.6,7.3,47.55,0
4.02,15.76,257.1,53.38,2841,43.89,5.33,34.5,7.8,40.73,0
3.79,13.82,122.9,35.77,736,47.15,7.7,42.8,4.4,39.08,224.5
4.25,13.98,472.7,19.51,9971,51.07,6.82,33.8,5.6,54.65,563.73
3.98,16.04,180.4,34.99,4483,40.06,4.85,23,8.7,30.86,155.78
3.81,16.82,232.1,31.39,21440,55.2,4.74,18.1,8.3,31.63,480.48
3.82,16.46,333.2,38.22,27144,52.67,5.12,22.1,7.1,32.55,441.98
4.42,12.85,366.5,66.29,4237,48.43,8.07,39.2,5.4,50.62,400.74
4.31,14.63,278.1,62.94,4720,46.55,6.22,33.3,7,27.38,208.49
4.1,14.17,800.5,47.94,38809,57.98,5.98,37.1,5.5,55.11,510.82
4.01,15.52,461.1,24.63,2630,51.41,7.16,31.7,7.1,49.51,274.08
4.35,15.66,190,58.81,4373,34.48,6.7,30.1,8.1,37.95,171.18
4.04,13.77,525.4,50.4,3389,49.54,5.21,38.6,7,42.22,479.27
3.66,17.75,318.5,26.01,9845,70.01,4.94,12.5,7.9,29.42,144.09
4.38,16.83,851.7,18.25,17363,70.81,5.71,27.3,6.6,39.77,171.05
4.24,13.21,585.7,49.94,5330,49.08,7.64,39.7,6.2,56.83,648.91
3.82,16.01,325.2,51.07,6585,34.58,5.64,24.7,7.5,33.95,231.05
4.24,13.25,340.4,53.93,2130,33.94,5.8,39.8,5.5,47.86,1717.73
3.73,18.64,282.5,36.49,13804,61.56,5.72,24.4,7,31.56,411.69
4.35,13.44,266.3,46,2755,43.52,4.88,38.7,7.3,50.33,0
4.1,17.07,471.5,35.54,29465,51.36,5.99,21.1,6.9,36.42,288.42
3.6,16.88,196.6,34.99,16833,65.49,4.84,18.9,7.8,26.94,221.92
3.7,16.58,317.9,49.55,3723,33.09,5.77,34.4,7.6,34.55,136
3.82,17.66,552.3,31.03,80862,68.74,5.23,25.1,6.7,45.74,397.11
3.76,23.31,118.3,42.85,3558,72.37,8.4,22.8,4.3,19.66,0
4.1,16.17,296.7,61.47,6405,36.64,6.2,24.9,7.7,35.61,178.5
3.45,18.26,177.1,16.26,62035,70.01,4.25,10.2,8.6,21.98,83.88
4.27,16.51,602,16.06,33314,69.92,5.64,29.9,4.9,42.48,371.84
4.91,9.29,354.6,43.15,586,38.23,10.51,56,0.2,70.07,49.13
3.74,11.83,630.2,37.1,78169,53.89,6.6,32.1,4.9,52.3,576.33
4.48,13.76,644.1,66.11,1630,45.15,6.17,35.7,6.6,52.54,486.2
3.41,18.34,298.9,19.27,212203,74.06,4.56,13.6,7.6,30.96,266.65
4.1,15.32,392.4,59.69,11542,40.58,5.86,33.6,7,44.06,413.28
4.29,15.35,314.5,59.22,11783,40.19,5.28,36.5,7.1,45.54,388.02
3.3,17.58,159.4,16.32,38380,74.09,4.66,9.2,8.7,21.2,52.98
4.24,14.15,429.9,54.13,4283,46.46,5.43,35.1,7,37.77,205.62
3.58,17.55,168.2,25.74,35838,62.65,4.97,14.1,8,28.78,187.21
3.9,15.08,234.1,34.01,2963,54.81,5.92,29.1,8,38.79,239.01
4.48,11.94,706.4,62.62,5468,53.22,6.08,46.4,6,56.31,405.39
3.79,17.4,128.1,27.05,3893,51.99,5.08,21.4,8.6,29.43,416.24
3.59,17.73,148.1,28.7,5481,57.42,4.68,16.4,8.9,31.87,73.51
4.18,13.22,771.5,63.42,6689,48.75,6.66,42.4,6.3,53.12,627.33
3.65,15.4,427.3,31.5,228757,70.26,5.37,25.8,6.4,45.26,628.24
4.02,14.9,319.4,54.66,5604,46.84,7.42,35.6,7.2,45.45,394.93
3.98,13.59,352.4,45.26,3579,34.31,5.83,39.4,6.7,41.2,284.16
4.4,13.01,751,53.35,23220,59.75,6.87,43.5,3.7,62.97,868.98
3.76,14.65,368.9,27.13,37642,63.94,5.52,20.1,6.5,36.42,301.23
4.49,11.87,924.6,49.22,2304,49.39,6.98,46.7,6.3,60.12,864.56
4.13,16.09,149.9,28.64,1119,34.23,4.28,32,8.6,50.81,65.45
3.66,18.48,236.4,26.57,15370,57.51,4.86,14.9,8.4,28.76,88.91
3.94,14.32,277.8,49.55,4443,38.31,6.54,32.3,6.3,33.87,363.32
4.29,13.58,672.4,64.32,5555,41.04,7.79,40.3,5.6,57.28,446.04
4.14,13.76,449.6,71.79,2734,46.01,4.96,36.4,7.4,41.09,117
3.95,14.66,54.7,36.97,4605,40.87,5.33,27.3,8.3,29.59,223.18
3.28,16.2,214.3,8.33,21411,76.79,4.73,8.6,8.4,19.32,80.14
3.89,15.44,465.3,33.62,23905,53.87,6.04,23.5,7.2,38.71,358.67
3.08,17.59,52.9,9.21,53982,78.86,4.18,6.6,9.4,13.97,69.2
4.21,15.63,256,46.59,5090,39.55,5.28,29.3,8,32.25,142.24
3.34,17.82,500.8,27.41,312602,75.72,5.37,24.3,6.7,43.41,807.6
3.99,14.8,97.1,47,5891,43.29,5.62,28.2,8.3,31.76,237.36
4.01,15.71,0,42.5,704,49.29,6.12,25.2,5.8,19.1,20.26
3.86,15.2,494.1,48.93,19679,58.33,5.3,29.8,6.9,43.78,557.84
3.99,16.14,214.1,44.21,15008,44.2,5.66,24.6,7.8,30.98,308.75
4.4,13.07,540.2,58.65,6050,45.95,5.54,31.8,6.7,50.62,213.04
4.11,12,345.7,40.26,3437,42.13,5.77,30.5,7.3,52.9,250.08
3.22,15.93,239.5,18.77,251169,63.6,4.73,16.5,8,28.25,210.74
4.01,16.14,162.3,35.82,10521,45.46,5.27,21,8,23.8,158.9
3.8,16.65,217.5,39.28,49906,48.09,4.47,19.5,8.3,28.38,169.02
4.23,11.24,658.1,32.02,2213,23.99,8.43,47.8,4.7,58.89,108.94
4,16.48,216.5,46.83,7098,49.23,5.83,26.1,8,30.88,672.99
3.49,17.29,121.7,19.98,7375,68.18,4.96,13.1,8.8,26.36,89.34
4.11,14.11,228.6,35.61,5802,49.72,5.46,25.3,7.3,36.9,357.64
4.05,16.56,181,47.34,2618,42.55,5.87,29.1,7.9,32.64,188.82
3.82,15.86,279.1,21,56809,65.66,5.49,14.7,7.2,36.85,179.08
3.8,15.77,447.3,31.11,41251,65.97,5.36,20.8,6.9,38.49,326.36
4.31,14.14,329.5,44.03,2460,41.22,7.74,35.2,7,42.7,329.91
3.59,18.54,210.1,29.35,16739,53.72,4.25,17,8.8,24.99,149.79
4.22,15.11,178.7,32.36,3199,39.14,4.78,27.2,7.1,34.45,306.81
4.31,15.04,262.5,67.37,3747,44.92,6.32,33.7,7.7,39.14,470.01
4.26,12.8,626.8,51.76,3695,39.27,7.46,37.7,6.1,52.58,472.31
4.23,13.68,504.1,51.63,1858,52.85,7.59,44.8,6.7,54.62,0
3.95,14.92,556.6,37.14,2338,39.35,6.15,37.2,7,39.88,303.37
3.79,16.03,177.2,20.24,6971,60.67,4.86,18.9,7.9,28.83,80.65
4.04,15.17,208.7,23.48,4014,50.65,6.52,27.3,7.1,38.55,378.95
4.13,15.57,221.7,45.94,3172,57.09,5.71,34,7.2,40.16,361.43
4.15,13.72,505.7,50.29,11586,44.4,6.74,37.5,6.5,48.81,285.82
3.59,18.09,222.7,24.27,8214,68.09,4.77,16.9,8.1,27.3,307.45
3.87,16.98,944.8,57.63,18948,64.73,5.77,24.3,5.4,38.89,366.46
4.06,13.7,249.3,33.09,1603,48.47,5.92,30.1,7.2,49.14,377.26
3.9,17.55,245.4,26.39,5061,63.33,5.46,26.4,7.7,30.98,163
4.05,16.24,816.6,32.67,29567,60.48,5.2,29.4,6,42.06,260.33
4.06,17.69,125.1,16.45,6554,54.97,4.91,21.5,8.4,33.35,125.75
4.09,13.77,655.1,47.63,5113,46.29,7.22,36.6,6.5,54.29,122.49
3.81,13.9,365.8,47.08,2910,57.63,5.77,34.5,7.3,46.29,162.44
4.22,12.87,369.8,50.1,3622,39.51,8.29,46,5.4,50.09,447.12
4.05,15.42,264.9,40.48,6902,48.68,5,23.8,8.4,37.02,159.69
4.18,13.42,295.6,48.16,2005,53.57,7.42,37.5,7.6,49.35,103.42
4.16,13.3,278.3,41.74,4712,41.28,6.83,33,6.9,40.41,302.1
4.08,14,302.1,48.13,1403,54.45,5.46,34.6,7.1,48.56,249.76
4.22,13.34,584.1,54.14,5995,39.75,6.63,41.1,6.1,46.09,253.54
3.78,15.41,255.1,25.16,6298,56.76,5.24,19.2,7.9,32.92,184.33
3.92,15.86,266.9,41.78,2253,50.47,7.57,32.5,6.8,29.37,0
3.74,15.33,267.3,30.85,3569,54.72,5.02,21.2,7.7,29.03,165.1
4.09,16.36,230.9,48.76,10229,37.53,6.85,26.6,7.9,25.42,218.3
3.95,15.02,513.2,48.94,57533,65.84,6.87,29.4,5.9,48.53,516.84
3.81,14.98,483.2,32.24,27140,61.18,5.96,27.9,6.6,43.09,381.77
3.41,18.78,179.5,7.52,8173,76.03,4.13,8.4,8.7,17.05,108.88
3.96,15.5,224.9,34.76,3719,49.07,4.89,23.5,8.2,30.76,371.49
3.53,17.46,152.4,17.79,42812,63.28,4.62,12.5,8,27.94,146.54
3.97,14.76,598,28.51,6171,62.76,6.95,30.7,6.4,43.05,545.93
3.6,16.75,96.7,39.2,6823,52.35,4.88,20,8.8,24.42,195.62
4.04,15.98,331.7,56.7,4868,49.16,5.41,26.7,7.7,39.75,223.35
3.69,17.53,168.7,25.03,4378,52.26,5.17,15.8,8.8,21.07,82.02
4.12,15.77,345.2,55.38,10275,45.46,6.1,27.1,7.8,35.09,521.26
4.17,13.56,452.8,37.72,3175,41.07,5.89,33.1,7.1,47.83,706.02
3.87,15.07,396.4,40.54,4718,43.64,7.05,32.4,7.8,34.87,540.04
4.22,10.94,345.6,57.6,445,41.35,7.37,44.8,5.2,41.98,310.43
4.01,14.82,160.1,32.17,3481,46.65,5.91,29.4,8.4,32.94,152.94
4.41,11.27,300.8,44.04,1430,49.37,8.5,45.9,4.6,62.44,318.78
3.97,14.85,820.9,45.81,55232,57.72,6.69,38.9,4.9,55.19,423.38
3.82,13.26,408,25.5,21236,56.66,5.74,23.8,6.3,45.58,333.93
4.05,15.09,309.9,28.39,1199,53.54,6.43,27.6,7.6,40.13,191.07
4.16,13.57,404.7,53.93,3195,53.4,7.61,44.4,6.1,50.16,401.09
3.9,13.54,598.7,63.53,1685,50.21,7.9,39.4,7.4,49.97,259.92
4.05,14.02,343.8,56.04,16059,47.17,6.84,32.4,6.6,48.38,531.48
4.13,15.31,247.3,41.72,5484,47.26,5.89,29.9,7.5,31.39,329.56
4.35,12.92,383,68.18,1916,27.82,6.63,45,6.4,77.32,48.08
4.42,12.56,746,44.96,7100,52.28,7.71,43.8,5.3,60.52,750.19
4.03,12.11,313,46.28,1202,46.84,6.75,38.3,5.9,54.42,86.57
4.3,11.02,354.4,72.46,509,19.25,6.51,50,2.6,52.14,252.95
4.07,15.95,241.8,53.11,7975,34.09,5.39,41.8,7.5,47.73,78.64
4.39,12.56,284.3,44.28,1840,49.29,7.18,37.5,6.6,41.35,252.85
4.2,13.48,423.8,48.45,5402,25.34,8.6,38.5,7,48.98,256.07
4.37,11.57,646.1,64.87,2022,47.38,6.56,48.4,5.6,65.56,427.8
4.12,13.83,651.7,52.17,10791,58.69,6.39,30.1,5.8,46.94,327.41
4.15,14.38,444.7,46.5,10295,54.27,5.5,35.8,6.9,46.64,560.25
4.28,13.72,351.9,64.01,6698,43.36,7.85,35.8,6.6,43.36,414.9
3.84,14.4,108.1,21.15,1653,58.32,6.71,26.9,8.4,33.26,202.69
3.83,15.71,516.4,49.81,1672,47.07,7.8,39.8,7.3,42.01,135.06
3.96,14.66,541.2,48.69,17182,52.29,5.13,29.9,6.7,48.44,275.64
4.19,13.37,662.3,58.03,1970,40.3,6.62,46.7,6.9,54.54,1007.59
4.36,12.39,228.4,36.18,1577,53.39,8.66,35.7,6.9,56.52,163.07
3.72,14.4,40.9,30.02,3802,45.95,4.73,27.4,8.8,30.04,176.58
4.15,14.46,365.6,57.54,5967,49.71,6.45,31.3,6,38.15,277.74
4.07,15.95,175.9,47.24,16708,49.72,5.57,25.2,7.3,35.73,509.09
3.8,16.28,220.3,31.47,21705,53.98,4.89,18.9,7.9,35.4,301.53
4.23,13.96,754.6,78.29,8899,42.84,5.51,37.2,5.6,48.33,410.54
4.27,11.47,561.6,34.42,1144,38.46,6.96,45.8,6.4,57.08,531.44
4.08,13.26,586.4,51.78,5078,45.1,6.43,36.6,5.7,59.19,284.02
3.98,15.44,343.9,59.59,7991,47.29,6.68,31.5,6.5,32.15,565.83
3.99,12.9,566.3,21.13,538,50,8.83,34.1,6.9,55.29,96.02
4.02,15.53,237.6,53.83,2556,22.46,9.08,38.8,6.3,41.8,126.06
3.87,15.89,75.1,25.74,5851,51.2,4.6,21.8,0,28.92,164.53
4.26,15.36,330.3,47.16,27256,43.63,5.92,21.9,8.3,29.39,244.86
3.85,15.35,361.7,60.12,2550,26.59,7.04,41.4,7.2,39.87,272.51
4.2,12.46,513.1,40.24,1956,37.12,6.27,35.7,5.9,48.42,424.4
4.07,13.46,504,43.96,2054,36.47,6.29,34.5,6.6,47.4,129.63
3.91,14.91,348.6,40.88,4883,42.74,5.93,33.4,7.3,44.76,357.29
4.17,14.69,536.5,66.98,4323,38.75,5.53,33.5,7.5,42.05,379.2
4.44,14.42,428.7,78.02,2120,35.57,4.5,36.5,7.3,49.76,0
4.02,15.76,522.2,47.55,2988,42.1,4.54,42.7,7.8,43.86,0
3.79,13.82,408.8,36.47,719,49.51,6.31,40,5,33.59,0
4.25,13.98,635.7,17.81,10014,52.38,5.94,32.5,5.8,46.96,689.41
3.98,16.04,227.1,31.68,4471,44.46,3.96,19.4,8.7,29.26,194.76
3.81,16.82,372.8,28.78,21874,56.08,4.08,15.7,8.4,32.31,497.24
3.82,16.46,435,35.83,27134,53.35,4.61,19.3,7.3,31.81,467.96
4.42,12.85,586.1,61.69,4183,49.8,7.86,38.8,5.4,48.62,361.25
4.31,14.63,353.3,56.91,4682,42.67,5.08,29.6,7,28.27,224.24
4.1,14.17,1031.1,44.57,38613,58.97,5.36,36.7,5.6,54.82,500.68
4.01,15.52,645.3,23.38,2682,49.11,6.94,29.4,7.3,45.46,354.54
4.35,15.66,270.9,55.99,4382,33.11,5.8,27.8,8.1,33,198.67
4.04,13.77,523.7,46.44,3562,50.28,4.51,37.6,7.2,38.74,527.21
3.66,17.75,449.7,23.48,10115,69.75,4.23,12.9,8.1,29.83,258.11
4.38,16.83,852,17.37,17807,70.75,5,26.3,6.7,39.31,184.83
4.24,13.21,646.3,44.47,5314,52.92,7.08,34.7,6.2,56.14,619.77
3.82,16.01,373,47.92,6687,34.59,4.84,25.2,7.6,33.6,305.01
4.24,13.25,663.7,55.09,2208,33.79,5.23,40.2,5.9,41.68,1499.43
3.73,18.64,458.7,34.27,13911,63.42,5.18,18.9,7,30.92,319.8
4.35,13.44,440.9,42.58,2701,44.61,4.16,35.8,7.4,52.07,0
4.1,17.07,591,33.11,29507,54.21,5.03,24.4,7.1,33.73,311.38
3.6,16.88,292.2,33.45,16836,63.79,4.15,17.3,7.9,24.88,260.13
3.7,16.58,385.7,50.36,3448,33.35,5.08,32.3,7.3,34.45,189.44
3.82,17.66,859.4,27.91,82127,69.11,4.5,24.2,6.9,46.8,448.04
3.76,23.31,140.7,44.63,3475,74.27,7.33,22.6,4.4,22.88,0
4.1,16.17,333,58.85,6317,36.41,4.74,26.3,7.8,34.84,136.22
3.45,18.26,254.8,14.11,62391,70.65,3.74,9.2,8.7,21.64,93.21
4.27,16.51,857.9,14.42,34091,71.22,4.76,28.5,4.9,43.8,404.79
4.91,9.29,445.7,37.24,565,33.45,8.91,51.3,0.4,69.52,200
3.74,11.83,1006,32.66,79209,53.35,5.85,25.5,5,53.63,632.28
4.48,13.76,638.3,64.18,1710,46.84,5.52,34.4,6.7,57.02,473.45
3.41,18.34,509.1,17.76,214598,73.74,4.08,11.8,7.7,30.92,265.51
4.1,15.32,468.6,56.18,11558,41.75,5.17,34.9,7.1,45.28,325.46
4.29,15.35,536.6,55,11875,37.33,4.52,33.3,7.3,45.58,0
3.3,17.58,232.6,13.59,39769,74.51,4.18,7.9,8.7,20.87,51.63
4.24,14.15,624.9,48.52,4254,50.61,4.62,31.7,7.1,37.73,301.81
3.58,17.55,354,24.06,36058,63.61,4.2,14.2,8.1,29.99,231.98
3.9,15.08,218,27.91,2851,66.19,5,27.7,8,37.99,153.15
4.48,11.94,764.8,57.3,5179,50.7,5.22,43.7,6.1,52.03,288.2
3.79,17.4,116.8,24.15,3803,54.72,4.4,18.1,8.5,29.47,333.24
3.59,17.73,210.2,26.83,5527,61.06,3.91,14.4,9,21.39,97.08
4.18,13.22,1148.2,58.2,6658,49.74,5.63,35.1,6.4,50.47,678.61
3.65,15.4,789.1,29.13,230850,70.41,4.81,24.6,6.4,43.88,644.48
4.02,14.9,555.5,49.72,5618,47.26,6.3,29.3,7.3,39.76,377.4
3.98,13.59,584.3,37.07,3519,34.02,5.13,36.4,7.1,45.04,155.11
4.4,13.01,1230.7,48.79,23078,59.22,6.12,41.5,3.8,64.6,940.76
3.76,14.65,699.9,24.78,37814,63.65,4.89,17.1,6.6,36.56,306.03
4.49,11.87,1153.7,44.36,2279,61.91,5.49,40.6,6,52.14,776.91
4.13,16.09,99,19.86,1119,42.98,3.83,35.5,8.5,45.35,86.27
3.66,18.48,369.5,26.48,15723,57.46,4.12,13.8,8.4,27.29,118.4
3.94,14.32,506.1,43.55,4413,36.55,5.32,34.9,6.5,36.28,358.81
4.29,13.58,704.6,59.08,5587,40.36,6.7,39.4,5.7,56.77,371.16
4.14,13.76,445,64.59,2745,46.19,4.37,41.3,7.5,43.05,160.33
3.95,14.66,144,34.07,4592,45.14,4.77,24.9,8.6,26.07,124.33
3.28,16.2,286.3,7.13,21597,77.96,4.08,7.8,8.5,18.3,73.5
3.89,15.44,493.2,32.15,23823,52.53,5.21,27.3,7.4,36.82,338.34
3.08,17.59,188.3,7.73,55633,79.16,3.75,5.6,9.4,14.12,55.32
4.21,15.63,376.5,44.19,5083,42.99,4.77,25.4,8,32.68,145.43
3.34,17.82,820.5,23.98,315059,75.82,4.83,21.1,6.8,43.06,763.19
3.99,14.8,173.5,43.49,6337,43.06,5.01,25.9,8.5,31.98,270.85
4.01,15.71,293.6,39.37,647,46.68,5.07,22.3,6,30.23,90.76
3.86,15.2,695.2,42.94,19839,58.7,4.74,29.4,7,44.79,479.36
3.99,16.14,251,42.62,14947,46.62,4.64,19.7,7.8,33.61,273.88
4.4,13.07,567.3,54,6125,48.42,4.9,31.5,6.8,47.96,193.57
4.11,12,724.1,38.88,3382,38.56,5.15,30.2,7.4,49.55,252.28
3.22,15.93,437.9,16.99,253298,64.38,4.23,15.2,8,28.04,221.31
4.01,16.14,229.6,32.61,10476,44.26,4.58,18.1,8,20.85,181.45
3.8,16.65,303.8,36.04,50308,48.91,3.91,20.8,8.3,30.93,315.91
4.23,11.24,701.7,33.15,2423,21.09,7.12,45.4,4.8,51.53,334.13
4,16.48,336.2,44.43,7090,48.63,4.78,22.5,8.1,29.7,639.87
3.49,17.29,209.7,18.61,7312,70.16,4.26,11.5,8.9,26.97,123.7
4.11,14.11,356.4,35.85,5868,48.35,4.45,26.6,7.4,36.79,347.01
4.05,16.56,277.3,46.34,2570,42.61,5.02,28.1,8,32.07,195.76
3.82,15.86,562.6,19.05,56982,65.15,4.87,14.6,7.2,36.52,175.8
3.8,15.77,673.9,29.2,41865,66.09,4.76,20.2,6.9,38.34,361.58
4.31,14.14,692.3,40.85,2441,44.53,7.07,31.2,7,38.85,258.3
3.59,18.54,284.1,26.08,17444,54.56,3.64,14.8,8.8,23.23,222.39
4.22,15.11,278.7,27.72,3212,39.63,4.33,24.8,7.2,28.46,411.59
4.31,15.04,475.9,59.45,3767,42.47,6.02,32,7.8,35,347.84
4.26,12.8,850.6,47.62,3752,36.11,6.3,36,6.3,53.99,508.23
4.23,13.68,368.4,48.53,1821,48.16,6.83,44.3,6.8,53.93,0
3.95,14.92,517.8,36.11,2606,35.15,5.15,35.5,7.1,40.31,373.65
3.79,16.03,186,17.8,7014,60.27,4.38,19,8.1,30.64,98.92
4.04,15.17,505.5,22.13,3989,54.73,5.67,25.2,7.3,35.45,495.52
4.13,15.57,339.4,42.6,3097,51.86,5.11,30.3,7.2,44.88,383.38
4.15,13.72,622.2,47.52,11662,45.92,5.92,30.8,6.5,48.06,358.92
3.59,18.09,359.6,22.82,8268,66.79,4.23,15.4,8.2,29.65,174.7
3.87,16.98,1239.1,57.32,18795,65.81,5.22,24.8,5.5,39.61,478.33
4.06,13.7,351.9,29.66,1619,47.31,5.28,27.8,7.2,49.47,417.65
3.9,17.55,439.9,22.66,5392,65.26,4.96,27.5,7.9,34.38,95.48
4.05,16.24,1076.5,29.85,29929,60.8,4.7,29.7,6.2,40.87,279.97
4.06,17.69,229.2,15.05,6631,55.38,4.02,19.2,8.3,33.05,41.42
4.09,13.77,970.3,42.81,4995,47.55,6.24,31.2,6.5,53.5,154.11
3.81,13.9,429.5,41.97,2918,54.59,5.1,34.3,7.4,44.57,138.41
4.22,12.87,608.9,46.53,3622,41.8,6.99,38.7,5.3,56.66,310.56
4.05,15.42,471.2,36.95,6926,49.78,4.28,22.5,8.5,36.31,191.18
4.18,13.42,342.4,43.45,1984,55.04,6.08,38.7,7.2,46.22,57.1
4.16,13.3,528.6,37.06,4763,39.49,5.88,33.3,6.9,41.72,321.28
4.08,14,700.4,35.1,1347,57.31,4.54,36.2,7.3,52.5,188.21
4.22,13.34,598,49.5,5939,41.2,6.36,37.9,6,50.5,262.4
3.78,15.41,269.3,22.14,6303,54.99,4.52,18.2,8,29.41,178.28
3.92,15.86,458,38.78,2139,52.03,6.64,29.2,7,26.76,0
3.74,15.33,448.9,27.16,3579,57.25,4.54,19.8,7.8,29.75,176.14
4.09,16.36,257.8,47.93,10199,34.64,6.21,25.5,8,26.76,447.68
3.95,15.02,836.6,45.14,57238,65.12,6.05,33.4,6,48.18,566.92
3.81,14.98,687.4,28.69,27312,59.33,5.32,20.1,6.6,39.26,396.49
3.41,18.78,250.2,5.56,8362,78.94,3.54,7.4,8.8,16.48,114.12
3.96,15.5,289.2,33.69,3740,48.82,4.3,20.1,8.2,29.54,357.68
3.53,17.46,362.6,16.17,43061,64.71,4.14,11.2,8.2,27.29,143.32
3.97,14.76,901.9,24.96,6276,63.34,5.85,30,6.6,42.36,514.94
3.6,16.75,194.7,36.12,6970,53.41,4.29,19.1,9,23.93,226.13
4.04,15.98,397.8,51.4,4779,48.99,4.54,28.1,8,40.42,324.82
3.69,17.53,200.7,22.89,4410,52.54,4.47,14,8.8,16.24,93.26
4.12,15.77,402.2,51.35,10597,43.8,5.28,27.3,7.9,38.53,568.97
4.17,13.56,342.2,34.4,3190,41.97,5.28,31.1,7,41.03,632.25
3.87,15.07,590.1,36.17,4703,48.29,5.83,30.8,7.9,36.91,422.47
4.22,10.94,738.5,51.04,438,37.21,5.93,43,5.1,46.92,152.07
4.01,14.82,184.3,28.56,3477,39.75,4.99,28.9,8.5,29.72,125.97
4.41,11.27,625.6,39.46,1435,48.08,6.65,49.1,4.7,76.61,253.49
3.97,14.85,905.4,43.28,55662,56.6,5.95,35.4,5,54.05,428.74
3.82,13.26,646,22.94,21305,55.79,5.28,22.5,6.3,46.28,300.48
4.05,15.09,348.3,22.13,1172,57.85,5.59,26.4,7.7,45.2,155.08
4.16,13.57,656.7,51.2,3281,52.48,6.37,33.8,6.2,50.08,341.75
3.9,13.54,647.6,54.18,1810,48.34,6.56,44.8,7.4,54.95,260.62
4.05,14.02,532.4,51.49,16043,46.79,5.82,32.5,6.7,49.3,584.59
4.13,15.31,386.9,39.69,5368,52.91,5.28,28.4,7.5,26.86,275.96
4.35,12.92,512.7,61.3,1992,27.71,5.87,38.6,6.2,73.08,22.91
4.42,12.56,815.5,41.56,7038,52.57,6.94,38.3,5.2,59.65,696.18
4.03,12.11,520.8,35.89,1193,48.53,6.15,37.2,6,57.26,89.78
4.3,11.02,427.1,71.15,485,17.53,6.82,44.1,2.6,48.3,178.41
4.07,15.95,424.1,50.83,7936,34.26,4.98,35.7,7.5,44.84,105.21
4.39,12.56,348.1,40.63,1774,46.22,8.76,34.7,6.7,43.56,174.15
4.2,13.48,463.4,45.02,5236,24.98,7.83,42.8,7,39.41,191.81
4.37,11.57,1042.5,57.38,2041,47.04,5.99,49.4,5.7,70.31,377.8
4.12,13.83,623.6,46.63,10838,60.95,5.89,25.4,6.1,46.64,264.49
4.15,14.38,721.2,43.37,10234,53.13,4.75,31.5,7.1,42.67,564.85
4.28,13.72,576.3,57.12,6659,43.69,6.51,33.5,6.6,39.63,424.61
3.84,14.4,116.3,16.48,1619,61.89,6.54,22.6,8.7,35.5,320.25
3.83,15.71,486.4,47.86,1695,46.61,6.65,37.9,7.4,39.79,122.17
3.96,14.66,653.6,45.62,17525,51.84,4.43,27.9,6.8,46.69,332.15
4.19,13.37,742.6,54.23,2018,37.46,5.72,42,6.7,53.99,1306.98
4.36,12.39,441,33.58,1731,52.22,7.6,33.9,6.8,52.72,222.04
3.72,14.4,80.8,27.23,3915,47.2,4.48,24.8,8.9,30.5,165.4
4.15,14.46,493,52.25,6066,49.46,5.54,31.1,6.2,38.82,381.17
4.07,15.95,193.9,45.59,16708,51.78,4.56,24.2,7.3,33.48,555.57
3.8,16.28,486.4,28.89,21633,52.39,4.32,16.8,8.1,35.48,302.26
4.23,13.96,924.5,73.98,9163,44.26,4.56,35.1,5.7,47.56,500.01
4.27,11.47,549.5,33.2,1279,37.92,5.94,43.1,6.4,60.71,277.78
4.08,13.26,1004,50.25,5067,44.13,6.01,33.9,5.7,56.34,264.32
3.98,15.44,484.2,57.28,7932,48.29,5.78,30.1,6.5,34.55,591.02
3.99,12.9,490.9,23.34,518,41.12,7.59,30.1,6.9,46.86,131.23
4.02,15.53,341.6,44.1,2302,30.71,8.93,39.9,6.5,34.08,50.47
3.87,15.89,183.6,24.35,5804,50.47,3.89,20.6,0,27.29,173.31
4.26,15.36,350.2,42.78,27349,42.21,5.47,24.1,8.2,29.64,263.38
3.85,15.35,429,61.24,2545,29.43,5.94,35.5,7.5,39.77,257.64
4.2,12.46,790.5,36.96,1980,37.98,5.68,35,6,55.81,308.07
4.07,13.46,557.1,42.28,1992,35.24,5.72,31.7,6.6,43.38,179.28
3.91,14.91,410.6,39.72,4686,45.43,4.92,32.5,7.4,46.01,419.12
